<?xml version="1.0" encoding="utf-8"?><?xml-stylesheet type='text/xsl' href='STIG_unclass.xsl'?><Benchmark xmlns:dc="http://purl.org/dc/elements/1.1/" xmlns:xsi="http://www.w3.org/2001/XMLSchema-instance" xmlns:cpe="http://cpe.mitre.org/language/2.0" xmlns:xhtml="http://www.w3.org/1999/xhtml" xmlns:dsig="http://www.w3.org/2000/09/xmldsig#" xsi:schemaLocation="http://checklists.nist.gov/xccdf/1.1 http://nvd.nist.gov/schema/xccdf-1.1.4.xsd http://cpe.mitre.org/dictionary/2.0 http://cpe.mitre.org/files/cpe-dictionary_2.1.xsd" id="Apache_Server_2-4_UNIX_Site_STIG" xml:lang="en" xmlns="http://checklists.nist.gov/xccdf/1.1"><status date="2024-12-04">accepted</status><title>Apache Server 2.4 UNIX Site Security Technical Implementation Guide</title><description>This Security Technical Implementation Guide is published as a tool to improve the security of Department of Defense (DOD) information systems. The requirements are derived from the National Institute of Standards and Technology (NIST) 800-53 and related documents. Comments or proposed revisions to this document should be sent via email to the following address: disa.stig_spt@mail.mil.</description><notice id="terms-of-use" xml:lang="en"></notice><front-matter xml:lang="en"></front-matter><rear-matter xml:lang="en"></rear-matter><reference href="https://cyber.mil"><dc:publisher>DISA</dc:publisher><dc:source>STIG.DOD.MIL</dc:source></reference><plain-text id="release-info">Release: 5 Benchmark Date: 30 Jan 2025</plain-text><plain-text id="generator">3.5</plain-text><plain-text id="conventionsVersion">1.10.0</plain-text><version>2</version><Profile id="MAC-1_Classified"><title>I - Mission Critical Classified</title><description>&lt;ProfileDescription&gt;&lt;/ProfileDescription&gt;</description><select idref="V-214277" selected="true" /><select idref="V-214278" selected="true" /><select idref="V-214279" selected="true" /><select idref="V-214280" selected="true" /><select idref="V-214281" selected="true" /><select idref="V-214282" selected="true" /><select idref="V-214283" selected="true" /><select idref="V-214284" selected="true" /><select idref="V-214285" selected="true" /><select idref="V-214286" selected="true" /><select idref="V-214287" selected="true" /><select idref="V-214288" selected="true" /><select idref="V-214289" selected="true" /><select idref="V-214290" selected="true" /><select idref="V-214291" selected="true" /><select idref="V-214292" selected="true" /><select idref="V-214293" selected="true" /><select idref="V-214294" selected="true" /><select idref="V-214295" selected="true" /><select idref="V-214296" selected="true" /><select idref="V-214297" selected="true" /><select idref="V-214298" selected="true" /><select idref="V-214299" selected="true" /><select idref="V-214300" selected="true" /><select idref="V-214301" selected="true" /><select idref="V-214303" selected="true" /><select idref="V-214304" selected="true" /></Profile><Profile id="MAC-1_Public"><title>I - Mission Critical Public</title><description>&lt;ProfileDescription&gt;&lt;/ProfileDescription&gt;</description><select idref="V-214277" selected="true" /><select idref="V-214278" selected="true" /><select idref="V-214279" selected="true" /><select idref="V-214280" selected="true" /><select idref="V-214281" selected="true" /><select idref="V-214282" selected="true" /><select idref="V-214283" selected="true" /><select idref="V-214284" selected="true" /><select idref="V-214285" selected="true" /><select idref="V-214286" selected="true" /><select idref="V-214287" selected="true" /><select idref="V-214288" selected="true" /><select idref="V-214289" selected="true" /><select idref="V-214290" selected="true" /><select idref="V-214291" selected="true" /><select idref="V-214292" selected="true" /><select idref="V-214293" selected="true" /><select idref="V-214294" selected="true" /><select idref="V-214295" selected="true" /><select idref="V-214296" selected="true" /><select idref="V-214297" selected="true" /><select idref="V-214298" selected="true" /><select idref="V-214299" selected="true" /><select idref="V-214300" selected="true" /><select idref="V-214301" selected="true" /><select idref="V-214303" selected="true" /><select idref="V-214304" selected="true" /></Profile><Profile id="MAC-1_Sensitive"><title>I - Mission Critical Sensitive</title><description>&lt;ProfileDescription&gt;&lt;/ProfileDescription&gt;</description><select idref="V-214277" selected="true" /><select idref="V-214278" selected="true" /><select idref="V-214279" selected="true" /><select idref="V-214280" selected="true" /><select idref="V-214281" selected="true" /><select idref="V-214282" selected="true" /><select idref="V-214283" selected="true" /><select idref="V-214284" selected="true" /><select idref="V-214285" selected="true" /><select idref="V-214286" selected="true" /><select idref="V-214287" selected="true" /><select idref="V-214288" selected="true" /><select idref="V-214289" selected="true" /><select idref="V-214290" selected="true" /><select idref="V-214291" selected="true" /><select idref="V-214292" selected="true" /><select idref="V-214293" selected="true" /><select idref="V-214294" selected="true" /><select idref="V-214295" selected="true" /><select idref="V-214296" selected="true" /><select idref="V-214297" selected="true" /><select idref="V-214298" selected="true" /><select idref="V-214299" selected="true" /><select idref="V-214300" selected="true" /><select idref="V-214301" selected="true" /><select idref="V-214303" selected="true" /><select idref="V-214304" selected="true" /></Profile><Profile id="MAC-2_Classified"><title>II - Mission Support Classified</title><description>&lt;ProfileDescription&gt;&lt;/ProfileDescription&gt;</description><select idref="V-214277" selected="true" /><select idref="V-214278" selected="true" /><select idref="V-214279" selected="true" /><select idref="V-214280" selected="true" /><select idref="V-214281" selected="true" /><select idref="V-214282" selected="true" /><select idref="V-214283" selected="true" /><select idref="V-214284" selected="true" /><select idref="V-214285" selected="true" /><select idref="V-214286" selected="true" /><select idref="V-214287" selected="true" /><select idref="V-214288" selected="true" /><select idref="V-214289" selected="true" /><select idref="V-214290" selected="true" /><select idref="V-214291" selected="true" /><select idref="V-214292" selected="true" /><select idref="V-214293" selected="true" /><select idref="V-214294" selected="true" /><select idref="V-214295" selected="true" /><select idref="V-214296" selected="true" /><select idref="V-214297" selected="true" /><select idref="V-214298" selected="true" /><select idref="V-214299" selected="true" /><select idref="V-214300" selected="true" /><select idref="V-214301" selected="true" /><select idref="V-214303" selected="true" /><select idref="V-214304" selected="true" /></Profile><Profile id="MAC-2_Public"><title>II - Mission Support Public</title><description>&lt;ProfileDescription&gt;&lt;/ProfileDescription&gt;</description><select idref="V-214277" selected="true" /><select idref="V-214278" selected="true" /><select idref="V-214279" selected="true" /><select idref="V-214280" selected="true" /><select idref="V-214281" selected="true" /><select idref="V-214282" selected="true" /><select idref="V-214283" selected="true" /><select idref="V-214284" selected="true" /><select idref="V-214285" selected="true" /><select idref="V-214286" selected="true" /><select idref="V-214287" selected="true" /><select idref="V-214288" selected="true" /><select idref="V-214289" selected="true" /><select idref="V-214290" selected="true" /><select idref="V-214291" selected="true" /><select idref="V-214292" selected="true" /><select idref="V-214293" selected="true" /><select idref="V-214294" selected="true" /><select idref="V-214295" selected="true" /><select idref="V-214296" selected="true" /><select idref="V-214297" selected="true" /><select idref="V-214298" selected="true" /><select idref="V-214299" selected="true" /><select idref="V-214300" selected="true" /><select idref="V-214301" selected="true" /><select idref="V-214303" selected="true" /><select idref="V-214304" selected="true" /></Profile><Profile id="MAC-2_Sensitive"><title>II - Mission Support Sensitive</title><description>&lt;ProfileDescription&gt;&lt;/ProfileDescription&gt;</description><select idref="V-214277" selected="true" /><select idref="V-214278" selected="true" /><select idref="V-214279" selected="true" /><select idref="V-214280" selected="true" /><select idref="V-214281" selected="true" /><select idref="V-214282" selected="true" /><select idref="V-214283" selected="true" /><select idref="V-214284" selected="true" /><select idref="V-214285" selected="true" /><select idref="V-214286" selected="true" /><select idref="V-214287" selected="true" /><select idref="V-214288" selected="true" /><select idref="V-214289" selected="true" /><select idref="V-214290" selected="true" /><select idref="V-214291" selected="true" /><select idref="V-214292" selected="true" /><select idref="V-214293" selected="true" /><select idref="V-214294" selected="true" /><select idref="V-214295" selected="true" /><select idref="V-214296" selected="true" /><select idref="V-214297" selected="true" /><select idref="V-214298" selected="true" /><select idref="V-214299" selected="true" /><select idref="V-214300" selected="true" /><select idref="V-214301" selected="true" /><select idref="V-214303" selected="true" /><select idref="V-214304" selected="true" /></Profile><Profile id="MAC-3_Classified"><title>III - Administrative Classified</title><description>&lt;ProfileDescription&gt;&lt;/ProfileDescription&gt;</description><select idref="V-214277" selected="true" /><select idref="V-214278" selected="true" /><select idref="V-214279" selected="true" /><select idref="V-214280" selected="true" /><select idref="V-214281" selected="true" /><select idref="V-214282" selected="true" /><select idref="V-214283" selected="true" /><select idref="V-214284" selected="true" /><select idref="V-214285" selected="true" /><select idref="V-214286" selected="true" /><select idref="V-214287" selected="true" /><select idref="V-214288" selected="true" /><select idref="V-214289" selected="true" /><select idref="V-214290" selected="true" /><select idref="V-214291" selected="true" /><select idref="V-214292" selected="true" /><select idref="V-214293" selected="true" /><select idref="V-214294" selected="true" /><select idref="V-214295" selected="true" /><select idref="V-214296" selected="true" /><select idref="V-214297" selected="true" /><select idref="V-214298" selected="true" /><select idref="V-214299" selected="true" /><select idref="V-214300" selected="true" /><select idref="V-214301" selected="true" /><select idref="V-214303" selected="true" /><select idref="V-214304" selected="true" /></Profile><Profile id="MAC-3_Public"><title>III - Administrative Public</title><description>&lt;ProfileDescription&gt;&lt;/ProfileDescription&gt;</description><select idref="V-214277" selected="true" /><select idref="V-214278" selected="true" /><select idref="V-214279" selected="true" /><select idref="V-214280" selected="true" /><select idref="V-214281" selected="true" /><select idref="V-214282" selected="true" /><select idref="V-214283" selected="true" /><select idref="V-214284" selected="true" /><select idref="V-214285" selected="true" /><select idref="V-214286" selected="true" /><select idref="V-214287" selected="true" /><select idref="V-214288" selected="true" /><select idref="V-214289" selected="true" /><select idref="V-214290" selected="true" /><select idref="V-214291" selected="true" /><select idref="V-214292" selected="true" /><select idref="V-214293" selected="true" /><select idref="V-214294" selected="true" /><select idref="V-214295" selected="true" /><select idref="V-214296" selected="true" /><select idref="V-214297" selected="true" /><select idref="V-214298" selected="true" /><select idref="V-214299" selected="true" /><select idref="V-214300" selected="true" /><select idref="V-214301" selected="true" /><select idref="V-214303" selected="true" /><select idref="V-214304" selected="true" /></Profile><Profile id="MAC-3_Sensitive"><title>III - Administrative Sensitive</title><description>&lt;ProfileDescription&gt;&lt;/ProfileDescription&gt;</description><select idref="V-214277" selected="true" /><select idref="V-214278" selected="true" /><select idref="V-214279" selected="true" /><select idref="V-214280" selected="true" /><select idref="V-214281" selected="true" /><select idref="V-214282" selected="true" /><select idref="V-214283" selected="true" /><select idref="V-214284" selected="true" /><select idref="V-214285" selected="true" /><select idref="V-214286" selected="true" /><select idref="V-214287" selected="true" /><select idref="V-214288" selected="true" /><select idref="V-214289" selected="true" /><select idref="V-214290" selected="true" /><select idref="V-214291" selected="true" /><select idref="V-214292" selected="true" /><select idref="V-214293" selected="true" /><select idref="V-214294" selected="true" /><select idref="V-214295" selected="true" /><select idref="V-214296" selected="true" /><select idref="V-214297" selected="true" /><select idref="V-214298" selected="true" /><select idref="V-214299" selected="true" /><select idref="V-214300" selected="true" /><select idref="V-214301" selected="true" /><select idref="V-214303" selected="true" /><select idref="V-214304" selected="true" /></Profile><Group id="V-214277"><title>SRG-APP-000001-WSR-000002</title><description>&lt;GroupDescription&gt;&lt;/GroupDescription&gt;</description><Rule id="SV-214277r960735_rule" weight="10.0" severity="medium"><version>AS24-U2-000020</version><title>The Apache web server must perform server-side session management.</title><description>&lt;VulnDiscussion&gt;Session management is the practice of protecting the bulk of the user authorization and identity information. This data can be stored on the client system or on the server. 
 
When the session information is stored on the client, the session ID, along with the user authorization and identity information, is sent along with each client request and is stored in a cookie, embedded in the uniform resource locator (URL), or placed in a hidden field on the displayed form. Each of these offers advantages and disadvantages. The biggest disadvantage to all three is the possibility of the hijacking of a session along with all of the user's credentials. 
 
When the user authorization and identity information is stored on the server in a protected and encrypted database, the communication between the client and Apache web server will only send the session identifier, and the server can then retrieve user credentials for the session when needed. If, during transmission, the session were to be hijacked, the user's credentials would not be compromised.&lt;/VulnDiscussion&gt;&lt;FalsePositives&gt;&lt;/FalsePositives&gt;&lt;FalseNegatives&gt;&lt;/FalseNegatives&gt;&lt;Documentable&gt;false&lt;/Documentable&gt;&lt;Mitigations&gt;&lt;/Mitigations&gt;&lt;SeverityOverrideGuidance&gt;&lt;/SeverityOverrideGuidance&gt;&lt;PotentialImpacts&gt;&lt;/PotentialImpacts&gt;&lt;ThirdPartyTools&gt;&lt;/ThirdPartyTools&gt;&lt;MitigationControl&gt;&lt;/MitigationControl&gt;&lt;Responsibility&gt;&lt;/Responsibility&gt;&lt;IAControls&gt;&lt;/IAControls&gt;</description><reference><dc:title>DPMS Target Apache Server 2.4 UNIX Site</dc:title><dc:publisher>DISA</dc:publisher><dc:type>DPMS Target</dc:type><dc:subject>Apache Server 2.4 UNIX Site</dc:subject><dc:identifier>3997</dc:identifier></reference><ident system="http://cyber.mil/legacy">SV-102849</ident><ident system="http://cyber.mil/legacy">V-92761</ident><ident system="http://cyber.mil/cci">CCI-000054</ident><fixtext fixref="F-15488r277173_fix">If the modules are not installed, install any missing packages. 
 
Add the following lines to the "httpd.conf" file: 
 
LoadModule usertrack_module modules/mod_usertrack.so 
 
LoadModule session_module modules/mod_session.so 
 
Additional documentation can be found at: 
 
https://httpd.apache.org/docs/2.4/mod/mod_usertrack.html 
 
https://httpd.apache.org/docs/2.4/mod/mod_session.html 
 
Restart Apache: apachectl restart</fixtext><fix id="F-15488r277173_fix" /><check system="C-15490r277172_chk"><check-content-ref href="Apache_Server_2.4_UNIX_Site_STIG.xml" name="M" /><check-content>In a command line, run "httpd -M | grep -i session_module" and "httpd -M | grep -i usertrack_module". 
 
If "session_module" module and "usertrack_module" are not enabled or do not exist, this is a finding.</check-content></check></Rule></Group><Group id="V-214278"><title>SRG-APP-000014-WSR-000006</title><description>&lt;GroupDescription&gt;&lt;/GroupDescription&gt;</description><Rule id="SV-214278r960759_rule" weight="10.0" severity="medium"><version>AS24-U2-000030</version><title>The Apache web server must use encryption strength in accordance with the categorization of data hosted by the Apache web server when remote connections are provided.</title><description>&lt;VulnDiscussion&gt;The Apache web server has several remote communications channels. Examples are user requests via http/https, communication to a backend database, and communication to authenticate users. The encryption used to communicate must match the data that is being retrieved or presented. 
 
Methods of communication are "http" for publicly displayed information, "https" to encrypt when user data is being transmitted, VPN tunneling, or other encryption methods to a database.

Satisfies: SRG-APP-000014-WSR-000006, SRG-APP-000015-WSR-000014, SRG-APP-000033-WSR-000169, SRG-APP-000172-WSR-000104, SRG-APP-000179-WSR-000110, SRG-APP-000179-WSR-000111, SRG-APP-000206-WSR-000128, SRG-APP-000429-WSR-000113, SRG-APP-000439-WSR-000151, SRG-APP-000439-WSR-000152, SRG-APP-000439-WSR-000156, SRG-APP-000441-WSR-000181, SRG-APP-000442-WSR-000182&lt;/VulnDiscussion&gt;&lt;FalsePositives&gt;&lt;/FalsePositives&gt;&lt;FalseNegatives&gt;&lt;/FalseNegatives&gt;&lt;Documentable&gt;false&lt;/Documentable&gt;&lt;Mitigations&gt;&lt;/Mitigations&gt;&lt;SeverityOverrideGuidance&gt;&lt;/SeverityOverrideGuidance&gt;&lt;PotentialImpacts&gt;&lt;/PotentialImpacts&gt;&lt;ThirdPartyTools&gt;&lt;/ThirdPartyTools&gt;&lt;MitigationControl&gt;&lt;/MitigationControl&gt;&lt;Responsibility&gt;&lt;/Responsibility&gt;&lt;IAControls&gt;&lt;/IAControls&gt;</description><reference><dc:title>DPMS Target Apache Server 2.4 UNIX Site</dc:title><dc:publisher>DISA</dc:publisher><dc:type>DPMS Target</dc:type><dc:subject>Apache Server 2.4 UNIX Site</dc:subject><dc:identifier>3997</dc:identifier></reference><ident system="http://cyber.mil/legacy">SV-102851</ident><ident system="http://cyber.mil/legacy">V-92763</ident><ident system="http://cyber.mil/cci">CCI-000068</ident><ident system="http://cyber.mil/cci">CCI-000197</ident><ident system="http://cyber.mil/cci">CCI-000213</ident><ident system="http://cyber.mil/cci">CCI-000803</ident><ident system="http://cyber.mil/cci">CCI-001166</ident><ident system="http://cyber.mil/cci">CCI-001453</ident><ident system="http://cyber.mil/cci">CCI-002448</ident><ident system="http://cyber.mil/cci">CCI-002450</ident><ident system="http://cyber.mil/cci">CCI-002452</ident><ident system="http://cyber.mil/cci">CCI-002506</ident><fixtext fixref="F-15489r881465_fix">Determine the location of the ssl.conf file:
# find / -name ssl.conf
Output: /etc/httpd/conf.d/ssl.conf
 
Ensure the "SSLProtocol" is added to ssl.conf and looks like the following: 
 
SSLProtocol -ALL +TLSv1.2 
 
Restart Apache: apachectl restart</fixtext><fix id="F-15489r881465_fix" /><check system="C-15491r881464_chk"><check-content-ref href="Apache_Server_2.4_UNIX_Site_STIG.xml" name="M" /><check-content>Verify the "ssl module" module is loaded
# httpd -M | grep -i ssl_module
Output:  ssl_module (shared)
 
If the "ssl_module" is not enabled, this is a finding. 
 
Determine the location of the ssl.conf file:
# find / -name ssl.conf
Output: /etc/httpd/conf.d/ssl.conf

Search the ssl.conf file for the SSLProtocol
# cat /&lt;path_to_file&gt;/ssl.conf | grep -i "SSLProtocol" 
Output: SSLProtocol -ALL +TLSv1.2
 
If the "SSLProtocol" directive is missing or does not look like the following, this is a finding: 
 
SSLProtocol -ALL +TLSv1.2 
 
If the TLS version is not TLS 1.2 or higher, according to NIST SP 800-52 Rev 2, or if non-FIPS-approved algorithms are enabled, this is a finding. 
 
Note: In some cases, web servers are configured in an environment to support load balancing. This configuration most likely uses a content switch to control traffic to the various web servers. In this situation, the TLS certificate for the websites may be installed on the content switch versus the individual websites. This solution is acceptable as long as the web servers are isolated from the general population LAN. Users should not have the ability to bypass the content switch to access the websites.</check-content></check></Rule></Group><Group id="V-214279"><title>SRG-APP-000095-WSR-000056</title><description>&lt;GroupDescription&gt;&lt;/GroupDescription&gt;</description><Rule id="SV-214279r962395_rule" weight="10.0" severity="medium"><version>AS24-U2-000090</version><title>The Apache web server must produce log records containing sufficient information to establish what type of events occurred.</title><description>&lt;VulnDiscussion&gt;Apache web server logging capability is critical for accurate forensic analysis. Without sufficient and accurate information, a correct replay of the events cannot be determined. 
 
Ascertaining the correct type of event that occurred is important during forensic analysis. The correct determination of the event and when it occurred is important in relation to other events that happened at that same time. 
 
Without sufficient information establishing what type of log event occurred, investigation into the cause of event is severely hindered. Log record content that may be necessary to satisfy the requirement of this control includes but is not limited to time stamps, source and destination IP addresses, user/process identifiers, event descriptions, application-specific events, success/fail indications, file names involved, access control, and flow control rules invoked.&lt;/VulnDiscussion&gt;&lt;FalsePositives&gt;&lt;/FalsePositives&gt;&lt;FalseNegatives&gt;&lt;/FalseNegatives&gt;&lt;Documentable&gt;false&lt;/Documentable&gt;&lt;Mitigations&gt;&lt;/Mitigations&gt;&lt;SeverityOverrideGuidance&gt;&lt;/SeverityOverrideGuidance&gt;&lt;PotentialImpacts&gt;&lt;/PotentialImpacts&gt;&lt;ThirdPartyTools&gt;&lt;/ThirdPartyTools&gt;&lt;MitigationControl&gt;&lt;/MitigationControl&gt;&lt;Responsibility&gt;&lt;/Responsibility&gt;&lt;IAControls&gt;&lt;/IAControls&gt;</description><reference><dc:title>DPMS Target Apache Server 2.4 UNIX Site</dc:title><dc:publisher>DISA</dc:publisher><dc:type>DPMS Target</dc:type><dc:subject>Apache Server 2.4 UNIX Site</dc:subject><dc:identifier>3997</dc:identifier></reference><ident system="http://cyber.mil/legacy">SV-102857</ident><ident system="http://cyber.mil/legacy">V-92769</ident><ident system="http://cyber.mil/cci">CCI-000130</ident><fixtext fixref="F-15490r881468_fix">Determine the location of the "HTTPD_ROOT" directory and the "httpd.conf" file: 
 
# apachectl -V | egrep -i 'httpd_root|server_config_file' 
-D HTTPD_ROOT="/etc/httpd" 
-D SERVER_CONFIG_FILE="conf/httpd.conf" 
 
Uncomment the "log_config_module" module line. 
 
Configure the "LogFormat" in the "httpd.conf" file to look like the following: 
 
LogFormat "%a %A %h %H %l %m %s %t %u %U \"%{Referer}i\" " common 
 
Restart Apache: apachectl restart

Note: The log format may be using different variables based on the environment; however, it should be verified to ensure it is producing the same end result of logged elements.</fixtext><fix id="F-15490r881468_fix" /><check system="C-15492r881467_chk"><check-content-ref href="Apache_Server_2.4_UNIX_Site_STIG.xml" name="M" /><check-content>In a command line, run "httpd -M | grep -i log_config_module".  
 
If the "log_config_module" is not enabled, this is a finding. 
 
Determine the location of the "HTTPD_ROOT" directory and the "httpd.conf" file: 
 
# apachectl -V | egrep -i 'httpd_root|server_config_file'
-D HTTPD_ROOT="/etc/httpd"
-D SERVER_CONFIG_FILE="conf/httpd.conf"

Note: The apachectl front end is the preferred method for locating the Apache httpd file. For some Linux distributions "apache2ctl -V" or  "httpd -V" can also be used. 
 
Search for the directive "LogFormat" in the httpd.conf file: 
 
# cat /&lt;path_to_file&gt;/httpd.conf | grep -i "LogFormat" 
 
If the "LogFormat" directive is missing or does not look like the following, this is a finding: 
 
LogFormat "%a %A %h %H %l %m %s %t %u %U \"%{Referer}i\" " common</check-content></check></Rule></Group><Group id="V-214280"><title>SRG-APP-000141-WSR-000015</title><description>&lt;GroupDescription&gt;&lt;/GroupDescription&gt;</description><Rule id="SV-214280r960963_rule" weight="10.0" severity="medium"><version>AS24-U2-000240</version><title>The Apache web server must not perform user management for hosted applications.</title><description>&lt;VulnDiscussion&gt;User management and authentication can be an essential part of any application hosted by the web server. Along with authenticating users, the user management function must perform several other tasks such as password complexity, locking users after a configurable number of failed logons, and management of temporary and emergency accounts. All of this must be done enterprise-wide. 
 
The web server contains a minimal user management function, but the web server user management function does not offer enterprise-wide user management, and user management is not the primary function of the web server. User management for the hosted applications should be done through a facility that is built for enterprise-wide user management, like LDAP and Active Directory.&lt;/VulnDiscussion&gt;&lt;FalsePositives&gt;&lt;/FalsePositives&gt;&lt;FalseNegatives&gt;&lt;/FalseNegatives&gt;&lt;Documentable&gt;false&lt;/Documentable&gt;&lt;Mitigations&gt;&lt;/Mitigations&gt;&lt;SeverityOverrideGuidance&gt;&lt;/SeverityOverrideGuidance&gt;&lt;PotentialImpacts&gt;&lt;/PotentialImpacts&gt;&lt;ThirdPartyTools&gt;&lt;/ThirdPartyTools&gt;&lt;MitigationControl&gt;&lt;/MitigationControl&gt;&lt;Responsibility&gt;&lt;/Responsibility&gt;&lt;IAControls&gt;&lt;/IAControls&gt;</description><reference><dc:title>DPMS Target Apache Server 2.4 UNIX Site</dc:title><dc:publisher>DISA</dc:publisher><dc:type>DPMS Target</dc:type><dc:subject>Apache Server 2.4 UNIX Site</dc:subject><dc:identifier>3997</dc:identifier></reference><ident system="http://cyber.mil/legacy">SV-102859</ident><ident system="http://cyber.mil/legacy">V-92771</ident><ident system="http://cyber.mil/cci">CCI-000381</ident><fixtext fixref="F-15491r277182_fix">Reconfigure any hosted applications on the Apache web server to perform user management outside the web server. 
 
Document how the hosted application user management is accomplished.</fixtext><fix id="F-15491r277182_fix" /><check system="C-15493r277181_chk"><check-content-ref href="Apache_Server_2.4_UNIX_Site_STIG.xml" name="M" /><check-content>Interview the System Administrator (SA) about the role of the Apache web server. 
 
If the web server is hosting an application, have the SA provide supporting documentation on how the application's user management is accomplished outside of the web server. 
 
If the web server is not hosting an application, this is Not Applicable. 
 
If the web server is performing user management for hosted applications, this is a finding. 
 
If the web server is hosting an application and the SA cannot provide supporting documentation on how the application's user management is accomplished outside of the Apache web server, this is a finding.</check-content></check></Rule></Group><Group id="V-214281"><title>SRG-APP-000141-WSR-000081</title><description>&lt;GroupDescription&gt;&lt;/GroupDescription&gt;</description><Rule id="SV-214281r960963_rule" weight="10.0" severity="medium"><version>AS24-U2-000300</version><title>The Apache web server must have Multipurpose Internet Mail Extensions (MIME) that invoke operating system shell programs disabled.</title><description>&lt;VulnDiscussion&gt;Controlling what a user of a hosted application can access is part of the security posture of the web server. Any time a user can access more functionality than is needed for the operation of the hosted application poses a security issue. A user with too much access can view information that is not needed for the user's job role, or the user could use the function in an unintentional manner. 
 
A MIME tells the web server what type of program various file types and extensions are and what external utilities or programs are needed to execute the file type. 
 
A shell is a program that serves as the basic interface between the user and the operating system, so hosted application users must not have access to these programs. Shell programs may execute shell escapes and can then perform unauthorized activities that could damage the security posture of the web server.&lt;/VulnDiscussion&gt;&lt;FalsePositives&gt;&lt;/FalsePositives&gt;&lt;FalseNegatives&gt;&lt;/FalseNegatives&gt;&lt;Documentable&gt;false&lt;/Documentable&gt;&lt;Mitigations&gt;&lt;/Mitigations&gt;&lt;SeverityOverrideGuidance&gt;&lt;/SeverityOverrideGuidance&gt;&lt;PotentialImpacts&gt;&lt;/PotentialImpacts&gt;&lt;ThirdPartyTools&gt;&lt;/ThirdPartyTools&gt;&lt;MitigationControl&gt;&lt;/MitigationControl&gt;&lt;Responsibility&gt;&lt;/Responsibility&gt;&lt;IAControls&gt;&lt;/IAControls&gt;</description><reference><dc:title>DPMS Target Apache Server 2.4 UNIX Site</dc:title><dc:publisher>DISA</dc:publisher><dc:type>DPMS Target</dc:type><dc:subject>Apache Server 2.4 UNIX Site</dc:subject><dc:identifier>3997</dc:identifier></reference><ident system="http://cyber.mil/legacy">SV-102861</ident><ident system="http://cyber.mil/legacy">V-92773</ident><ident system="http://cyber.mil/cci">CCI-000381</ident><fixtext fixref="F-15492r881471_fix">Determine the location of the "HTTPD_ROOT" directory and the "httpd.conf" file: 
 
# apachectl -V | egrep -i 'httpd_root|server_config_file' 
-D HTTPD_ROOT="/etc/httpd" 
-D SERVER_CONFIG_FILE="conf/httpd.conf" 
 
Disable MIME types for .exe, .dll, .com, .bat, and .csh programs. 
 
If "Action" or "AddHandler" exist and they configure any of the following (.exe, .dll, .com, .bat, or .csh), remove those references. 
 
Restart Apache: apachectl restart 
 
Ensure this process is documented and approved by the ISSO.</fixtext><fix id="F-15492r881471_fix" /><check system="C-15494r881470_chk"><check-content-ref href="Apache_Server_2.4_UNIX_Site_STIG.xml" name="M" /><check-content>In a command line, run "httpd -M | grep -i ssl_module". 
 
If the "ssl_module" is not enabled, this is a finding. 
 
Determine the location of the "HTTPD_ROOT" directory and the "httpd.conf" file: 
 
# apachectl -V | egrep -i 'httpd_root|server_config_file'
-D HTTPD_ROOT="/etc/httpd"
-D SERVER_CONFIG_FILE="conf/httpd.conf"

Note: The apachectl front end is the preferred method for locating the Apache httpd file. For some Linux distributions "apache2ctl -V" or  "httpd -V" can also be used. 
 
If "Action" or "AddHandler" exist and they configure .exe, .dll, .com, .bat, or .csh, or any other shell as a viewer for documents, this is a finding. 
 
If this is not documented and approved by the Information System Security Officer (ISSO), this is a finding.</check-content></check></Rule></Group><Group id="V-214282"><title>SRG-APP-000141-WSR-000082</title><description>&lt;GroupDescription&gt;&lt;/GroupDescription&gt;</description><Rule id="SV-214282r960963_rule" weight="10.0" severity="medium"><version>AS24-U2-000310</version><title>The Apache web server must allow mappings to unused and vulnerable scripts to be removed.</title><description>&lt;VulnDiscussion&gt;Scripts allow server-side processing on behalf of the hosted application user or as processes needed in the implementation of hosted applications. Removing scripts not needed for application operation or deemed vulnerable helps to secure the web server. 
 
To ensure scripts are not added to the web server and run maliciously, script mappings that are not needed or used by the web server for hosted application operation must be removed.&lt;/VulnDiscussion&gt;&lt;FalsePositives&gt;&lt;/FalsePositives&gt;&lt;FalseNegatives&gt;&lt;/FalseNegatives&gt;&lt;Documentable&gt;false&lt;/Documentable&gt;&lt;Mitigations&gt;&lt;/Mitigations&gt;&lt;SeverityOverrideGuidance&gt;&lt;/SeverityOverrideGuidance&gt;&lt;PotentialImpacts&gt;&lt;/PotentialImpacts&gt;&lt;ThirdPartyTools&gt;&lt;/ThirdPartyTools&gt;&lt;MitigationControl&gt;&lt;/MitigationControl&gt;&lt;Responsibility&gt;&lt;/Responsibility&gt;&lt;IAControls&gt;&lt;/IAControls&gt;</description><reference><dc:title>DPMS Target Apache Server 2.4 UNIX Site</dc:title><dc:publisher>DISA</dc:publisher><dc:type>DPMS Target</dc:type><dc:subject>Apache Server 2.4 UNIX Site</dc:subject><dc:identifier>3997</dc:identifier></reference><ident system="http://cyber.mil/legacy">SV-102863</ident><ident system="http://cyber.mil/legacy">V-92775</ident><ident system="http://cyber.mil/cci">CCI-000381</ident><fixtext fixref="F-15493r881474_fix">Determine the location of the "HTTPD_ROOT" directory and the "httpd.conf" file: 
 
# apachectl -V | egrep -i 'httpd_root|server_config_file' 
-D HTTPD_ROOT="/etc/httpd" 
-D SERVER_CONFIG_FILE="conf/httpd.conf" 
 
Remove any scripts in "cgi-bin" directory if they are not needed for application operation. 
 
Ensure this process is documented and approved by the ISSO.</fixtext><fix id="F-15493r881474_fix" /><check system="C-15495r881473_chk"><check-content-ref href="Apache_Server_2.4_UNIX_Site_STIG.xml" name="M" /><check-content>Determine the location of the "HTTPD_ROOT" directory and the "httpd.conf" file: 
 
# apachectl -V | egrep -i 'httpd_root|server_config_file'
-D HTTPD_ROOT="/etc/httpd"
-D SERVER_CONFIG_FILE="conf/httpd.conf"

Note: The apachectl front end is the preferred method for locating the Apache httpd file. For some Linux distributions "apache2ctl -V" or  "httpd -V" can also be used.  
Review "Script", "ScriptAlias" or "ScriptAliasMatch", or "ScriptInterpreterSource" directives. 
 
Go into each directory and locate "cgi-bin" files. 
 
If any scripts are present that are not needed for application operation, this is a finding. 
 
If this is not documented and approved by the Information System Security Officer (ISSO), this is a finding.</check-content></check></Rule></Group><Group id="V-214283"><title>SRG-APP-000141-WSR-000083</title><description>&lt;GroupDescription&gt;&lt;/GroupDescription&gt;</description><Rule id="SV-214283r960963_rule" weight="10.0" severity="medium"><version>AS24-U2-000320</version><title>The Apache web server must have resource mappings set to disable the serving of certain file types.</title><description>&lt;VulnDiscussion&gt;Resource mapping is the process of tying a particular file type to a process in the web server that can serve that type of file to a requesting client and to identify which file types are not to be delivered to a client. 
 
By not specifying which files can and cannot be served to a user, the web server could deliver to a user web server configuration files, log files, password files, etc. 
 
The web server must only allow hosted application file types to be served to a user, and all other types must be disabled.&lt;/VulnDiscussion&gt;&lt;FalsePositives&gt;&lt;/FalsePositives&gt;&lt;FalseNegatives&gt;&lt;/FalseNegatives&gt;&lt;Documentable&gt;false&lt;/Documentable&gt;&lt;Mitigations&gt;&lt;/Mitigations&gt;&lt;SeverityOverrideGuidance&gt;&lt;/SeverityOverrideGuidance&gt;&lt;PotentialImpacts&gt;&lt;/PotentialImpacts&gt;&lt;ThirdPartyTools&gt;&lt;/ThirdPartyTools&gt;&lt;MitigationControl&gt;&lt;/MitigationControl&gt;&lt;Responsibility&gt;&lt;/Responsibility&gt;&lt;IAControls&gt;&lt;/IAControls&gt;</description><reference><dc:title>DPMS Target Apache Server 2.4 UNIX Site</dc:title><dc:publisher>DISA</dc:publisher><dc:type>DPMS Target</dc:type><dc:subject>Apache Server 2.4 UNIX Site</dc:subject><dc:identifier>3997</dc:identifier></reference><ident system="http://cyber.mil/legacy">SV-102865</ident><ident system="http://cyber.mil/legacy">V-92777</ident><ident system="http://cyber.mil/cci">CCI-000381</ident><fixtext fixref="F-15494r881477_fix">Determine the location of the "HTTPD_ROOT" directory and the "httpd.conf" file: 
 
# apachectl -V | egrep -i 'httpd_root|server_config_file' 
-D HTTPD_ROOT="/etc/httpd" 
-D SERVER_CONFIG_FILE="conf/httpd.conf" 
 
Disable MIME types for .exe, .dll, .com, .bat, and .csh programs. 
 
If "Action" or "AddHandler" exist and they configure .exe, .dll, .com, .bat, or .csh, remove those references. 
 
Restart Apache: apachectl restart 
 
Ensure this process is documented and approved by the ISSO.</fixtext><fix id="F-15494r881477_fix" /><check system="C-15496r881476_chk"><check-content-ref href="Apache_Server_2.4_UNIX_Site_STIG.xml" name="M" /><check-content>Determine the location of the "HTTPD_ROOT" directory and the "httpd.conf" file: 
 
# apachectl -V | egrep -i 'httpd_root|server_config_file'
-D HTTPD_ROOT="/etc/httpd"
-D SERVER_CONFIG_FILE="conf/httpd.conf"

Note: The apachectl front end is the preferred method for locating the Apache httpd file. For some Linux distributions "apache2ctl -V" or  "httpd -V" can also be used. 
 
If "Action" or "AddHandler" exist and they configure .exe, .dll, .com, .bat, or .csh, or any other shell as a viewer for documents, this is a finding. 
 
If this is not documented and approved by the Information System Security Officer (ISSO), this is a finding.</check-content></check></Rule></Group><Group id="V-214284"><title>SRG-APP-000141-WSR-000087</title><description>&lt;GroupDescription&gt;&lt;/GroupDescription&gt;</description><Rule id="SV-214284r960963_rule" weight="10.0" severity="medium"><version>AS24-U2-000350</version><title>Users and scripts running on behalf of users must be contained to the document root or home directory tree of the Apache web server.</title><description>&lt;VulnDiscussion&gt;A web server is designed to deliver content and execute scripts or applications on the request of a client or user. Containing user requests to files in the directory tree of the hosted web application and limiting the execution of scripts and applications guarantees that the user is not accessing information protected outside the application's realm. 
 
The web server must also prohibit users from jumping outside the hosted application directory tree through access to the user's home directory, symbolic links or shortcuts, or through search paths for missing files.&lt;/VulnDiscussion&gt;&lt;FalsePositives&gt;&lt;/FalsePositives&gt;&lt;FalseNegatives&gt;&lt;/FalseNegatives&gt;&lt;Documentable&gt;false&lt;/Documentable&gt;&lt;Mitigations&gt;&lt;/Mitigations&gt;&lt;SeverityOverrideGuidance&gt;&lt;/SeverityOverrideGuidance&gt;&lt;PotentialImpacts&gt;&lt;/PotentialImpacts&gt;&lt;ThirdPartyTools&gt;&lt;/ThirdPartyTools&gt;&lt;MitigationControl&gt;&lt;/MitigationControl&gt;&lt;Responsibility&gt;&lt;/Responsibility&gt;&lt;IAControls&gt;&lt;/IAControls&gt;</description><reference><dc:title>DPMS Target Apache Server 2.4 UNIX Site</dc:title><dc:publisher>DISA</dc:publisher><dc:type>DPMS Target</dc:type><dc:subject>Apache Server 2.4 UNIX Site</dc:subject><dc:identifier>3997</dc:identifier></reference><ident system="http://cyber.mil/legacy">SV-102867</ident><ident system="http://cyber.mil/legacy">V-92779</ident><ident system="http://cyber.mil/cci">CCI-000381</ident><fixtext fixref="F-15495r881480_fix">Determine the location of the "HTTPD_ROOT" directory and the "httpd.conf" file: 
 
# apachectl -V | egrep -i 'httpd_root|server_config_file' 
-D HTTPD_ROOT="/etc/httpd" 
-D SERVER_CONFIG_FILE="conf/httpd.conf" 
 
Set the root directory directive as follows: 
 
&lt;Directory&gt; 
... 
Require all denied 
... 
&lt;/Directory&gt; 
 
Remove any "Deny" and "Allow" directives from the root &lt;Directory&gt; element. 
 
Restart Apache: apachectl restart</fixtext><fix id="F-15495r881480_fix" /><check system="C-15497r881479_chk"><check-content-ref href="Apache_Server_2.4_UNIX_Site_STIG.xml" name="M" /><check-content>Determine the location of the "HTTPD_ROOT" directory and the "httpd.conf" file: 
 
# apachectl -V | egrep -i 'httpd_root|server_config_file'
-D HTTPD_ROOT="/etc/httpd"
-D SERVER_CONFIG_FILE="conf/httpd.conf"

Note: The apachectl front end is the preferred method for locating the Apache httpd file. For some Linux distributions "apache2ctl -V" or  "httpd -V" can also be used. 
 
Verify there is a single "Require" directive with the value of "all denied". 
 
Verify there are no "Allow" or "Deny" directives in the root &lt;Directory&gt; element. 
 
The following may be useful in extracting root directory elements from the Apache configuration for auditing: 
 
# perl -ne 'print if /^ *&lt;Directory *\//i .. /&lt;\/Directory/i' $APACHE_PREFIX/conf/httpd.conf  
 
If there are "Allow" or "Deny" directives in the root &lt;Directory&gt; element, this is a finding.</check-content></check></Rule></Group><Group id="V-214285"><title>SRG-APP-000142-WSR-000089</title><description>&lt;GroupDescription&gt;&lt;/GroupDescription&gt;</description><Rule id="SV-214285r1043177_rule" weight="10.0" severity="medium"><version>AS24-U2-000360</version><title>The Apache web server must be configured to use a specified IP address and port.</title><description>&lt;VulnDiscussion&gt;The web server must be configured to listen on a specified IP address and port. Without specifying an IP address and port for the web server to use, the web server will listen on all IP addresses available to the hosting server. If the web server has multiple IP addresses, i.e., a management IP address, the web server will also accept connections on the management IP address. 
 
Accessing the hosted application through an IP address normally used for non-application functions opens the possibility of user access to resources, utilities, files, ports, and protocols that are protected on the desired application IP address.&lt;/VulnDiscussion&gt;&lt;FalsePositives&gt;&lt;/FalsePositives&gt;&lt;FalseNegatives&gt;&lt;/FalseNegatives&gt;&lt;Documentable&gt;false&lt;/Documentable&gt;&lt;Mitigations&gt;&lt;/Mitigations&gt;&lt;SeverityOverrideGuidance&gt;&lt;/SeverityOverrideGuidance&gt;&lt;PotentialImpacts&gt;&lt;/PotentialImpacts&gt;&lt;ThirdPartyTools&gt;&lt;/ThirdPartyTools&gt;&lt;MitigationControl&gt;&lt;/MitigationControl&gt;&lt;Responsibility&gt;&lt;/Responsibility&gt;&lt;IAControls&gt;&lt;/IAControls&gt;</description><reference><dc:title>DPMS Target Apache Server 2.4 UNIX Site</dc:title><dc:publisher>DISA</dc:publisher><dc:type>DPMS Target</dc:type><dc:subject>Apache Server 2.4 UNIX Site</dc:subject><dc:identifier>3997</dc:identifier></reference><ident system="http://cyber.mil/legacy">SV-102869</ident><ident system="http://cyber.mil/legacy">V-92781</ident><ident system="http://cyber.mil/cci">CCI-000382</ident><fixtext fixref="F-15496r881483_fix">Determine the location of the "HTTPD_ROOT" directory and the "httpd.conf" file: 
 
# apachectl -V | egrep -i 'httpd_root|server_config_file' 
-D HTTPD_ROOT="/etc/httpd" 
-D SERVER_CONFIG_FILE="conf/httpd.conf" 
 
Set each "VirtualHost" directive to listen to on a specific IP address and port.</fixtext><fix id="F-15496r881483_fix" /><check system="C-15498r881482_chk"><check-content-ref href="Apache_Server_2.4_UNIX_Site_STIG.xml" name="M" /><check-content>Determine the location of the "HTTPD_ROOT" directory and the "httpd.conf" file: 
 
# apachectl -V | egrep -i 'httpd_root|server_config_file'
-D HTTPD_ROOT="/etc/httpd"
-D SERVER_CONFIG_FILE="conf/httpd.conf"

Note: The apachectl front end is the preferred method for locating the Apache httpd file. For some Linux distributions "apache2ctl -V" or  "httpd -V" can also be used. 
 
Verify that for each "VirtualHost" directive, there is an IP address and port. 
 
If there is not, this is a finding.</check-content></check></Rule></Group><Group id="V-214286"><title>SRG-APP-000175-WSR-000095</title><description>&lt;GroupDescription&gt;&lt;/GroupDescription&gt;</description><Rule id="SV-214286r1051289_rule" weight="10.0" severity="medium"><version>AS24-U2-000380</version><title>The Apache web server must perform RFC 5280-compliant certification path validation.</title><description>&lt;VulnDiscussion&gt;A certificate's certification path is the path from the end entity certificate to a trusted root certification authority (CA). Certification path validation is necessary for a relying party to make an informed decision regarding acceptance of an end entity certificate. Certification path validation includes checks such as certificate issuer trust, time validity, and revocation status for each certificate in the certification path. Revocation status information for CA and subject certificates in a certification path is commonly provided via certificate revocation lists (CRLs) or online certificate status protocol (OCSP) responses.&lt;/VulnDiscussion&gt;&lt;FalsePositives&gt;&lt;/FalsePositives&gt;&lt;FalseNegatives&gt;&lt;/FalseNegatives&gt;&lt;Documentable&gt;false&lt;/Documentable&gt;&lt;Mitigations&gt;&lt;/Mitigations&gt;&lt;SeverityOverrideGuidance&gt;&lt;/SeverityOverrideGuidance&gt;&lt;PotentialImpacts&gt;&lt;/PotentialImpacts&gt;&lt;ThirdPartyTools&gt;&lt;/ThirdPartyTools&gt;&lt;MitigationControl&gt;&lt;/MitigationControl&gt;&lt;Responsibility&gt;&lt;/Responsibility&gt;&lt;IAControls&gt;&lt;/IAControls&gt;</description><reference><dc:title>DPMS Target Apache Server 2.4 UNIX Site</dc:title><dc:publisher>DISA</dc:publisher><dc:type>DPMS Target</dc:type><dc:subject>Apache Server 2.4 UNIX Site</dc:subject><dc:identifier>3997</dc:identifier></reference><ident system="http://cyber.mil/legacy">SV-102873</ident><ident system="http://cyber.mil/legacy">V-92785</ident><ident system="http://cyber.mil/cci">CCI-000185</ident><fixtext fixref="F-15497r1051288_fix">Configure the Apache server to validate certificates in accordance with RFC 5280.</fixtext><fix id="F-15497r1051288_fix" /><check system="C-15499r1051287_chk"><check-content-ref href="Apache_Server_2.4_UNIX_Site_STIG.xml" name="M" /><check-content>Review the Apache server documentation and deployed configuration to determine whether the application server provides PKI functionality that validates certification paths in accordance with RFC 5280.

If PKI is not being used, this is NA.

If the Apache server is using PKI, but it does not perform this requirement, this is a finding.</check-content></check></Rule></Group><Group id="V-214287"><title>SRG-APP-000176-WSR-000096</title><description>&lt;GroupDescription&gt;&lt;/GroupDescription&gt;</description><Rule id="SV-214287r961041_rule" weight="10.0" severity="medium"><version>AS24-U2-000390</version><title>Only authenticated system administrators or the designated PKI Sponsor for the Apache web server must have access to the Apache web servers private key.</title><description>&lt;VulnDiscussion&gt;The web server's private key is used to prove the identity of the server to clients and securely exchange the shared secret key used to encrypt communications between the web server and clients. 
 
By gaining access to the private key, an attacker can pretend to be an authorized server and decrypt the SSL traffic between a client and the web server.&lt;/VulnDiscussion&gt;&lt;FalsePositives&gt;&lt;/FalsePositives&gt;&lt;FalseNegatives&gt;&lt;/FalseNegatives&gt;&lt;Documentable&gt;false&lt;/Documentable&gt;&lt;Mitigations&gt;&lt;/Mitigations&gt;&lt;SeverityOverrideGuidance&gt;&lt;/SeverityOverrideGuidance&gt;&lt;PotentialImpacts&gt;&lt;/PotentialImpacts&gt;&lt;ThirdPartyTools&gt;&lt;/ThirdPartyTools&gt;&lt;MitigationControl&gt;&lt;/MitigationControl&gt;&lt;Responsibility&gt;&lt;/Responsibility&gt;&lt;IAControls&gt;&lt;/IAControls&gt;</description><reference><dc:title>DPMS Target Apache Server 2.4 UNIX Site</dc:title><dc:publisher>DISA</dc:publisher><dc:type>DPMS Target</dc:type><dc:subject>Apache Server 2.4 UNIX Site</dc:subject><dc:identifier>3997</dc:identifier></reference><ident system="http://cyber.mil/legacy">SV-102875</ident><ident system="http://cyber.mil/legacy">V-92787</ident><ident system="http://cyber.mil/cci">CCI-000186</ident><fixtext fixref="F-15498r881489_fix">Determine the location of the ssl.conf file:
# find / -name ssl.conf
Output: /etc/httpd/conf.d/ssl.conf

Search the ssl.conf file for the SSLCertificateKeyFile location.
# cat &lt;path to file&gt;/ssl.conf | grep -i SSLCertificateKeyFile
Output: SSLCertificateKeyFile /etc/pki/tls/private/localhost.key

Based on the " SSLCertificateKeyFile" directive path, configure the Apache web server to ensure only authenticated and authorized users can access the web server's private key.  

Permissions must be 600 or more restrictive.</fixtext><fix id="F-15498r881489_fix" /><check system="C-15500r881488_chk"><check-content-ref href="Apache_Server_2.4_UNIX_Site_STIG.xml" name="M" /><check-content>Verify the "ssl module" module is loaded
# httpd -M | grep -i ssl_module
Output:  ssl_module (shared) 

If the "ssl_module" is not enabled, this is a finding. 

Determine the location of the ssl.conf file:
# find / -name ssl.conf
Output: /etc/httpd/conf.d/ssl.conf

Search the ssl.conf file for the SSLCertificateKeyFile location.
# cat &lt;path to file&gt;/ssl.conf | grep -i SSLCertificateKeyFile
Output: SSLCertificateKeyFile /etc/pki/tls/private/localhost.key

Identify the correct permission set and owner/group of the certificate key file.
# ls -laH /etc/pki/tls/private/localhost.key
Output: -rw-------. 1 root root 1675 Sep 10  2020 /etc/pki/tls/private/localhost.key

The permission set must be 600 or more restrictive and the owner/group of the key file must be accessible to only authenticated system administrator and the designated PKI Sponsor.

If the correct permissions are not set or if the private key is accessible by unauthenticated or unauthorized users, this is a finding.</check-content></check></Rule></Group><Group id="V-214288"><title>SRG-APP-000223-WSR-000011</title><description>&lt;GroupDescription&gt;&lt;/GroupDescription&gt;</description><Rule id="SV-214288r1043180_rule" weight="10.0" severity="medium"><version>AS24-U2-000470</version><title>Cookies exchanged between the Apache web server and client, such as session cookies, must have security settings that disallow cookie access outside the originating Apache web server and hosted application.</title><description>&lt;VulnDiscussion&gt;Cookies are used to exchange data between the web server and the client. Cookies, such as a session cookie, may contain session information and user credentials used to maintain a persistent connection between the user and the hosted application since HTTP/HTTPS is a stateless protocol. 
 
When the cookie parameters are not set properly (i.e., domain and path parameters), cookies can be shared within hosted applications residing on the same web server or to applications hosted on different web servers residing on the same domain.&lt;/VulnDiscussion&gt;&lt;FalsePositives&gt;&lt;/FalsePositives&gt;&lt;FalseNegatives&gt;&lt;/FalseNegatives&gt;&lt;Documentable&gt;false&lt;/Documentable&gt;&lt;Mitigations&gt;&lt;/Mitigations&gt;&lt;SeverityOverrideGuidance&gt;&lt;/SeverityOverrideGuidance&gt;&lt;PotentialImpacts&gt;&lt;/PotentialImpacts&gt;&lt;ThirdPartyTools&gt;&lt;/ThirdPartyTools&gt;&lt;MitigationControl&gt;&lt;/MitigationControl&gt;&lt;Responsibility&gt;&lt;/Responsibility&gt;&lt;IAControls&gt;&lt;/IAControls&gt;</description><reference><dc:title>DPMS Target Apache Server 2.4 UNIX Site</dc:title><dc:publisher>DISA</dc:publisher><dc:type>DPMS Target</dc:type><dc:subject>Apache Server 2.4 UNIX Site</dc:subject><dc:identifier>3997</dc:identifier></reference><ident system="http://cyber.mil/legacy">SV-102883</ident><ident system="http://cyber.mil/legacy">V-92795</ident><ident system="http://cyber.mil/cci">CCI-001664</ident><fixtext fixref="F-15499r881492_fix">Determine the location of the "HTTPD_ROOT" directory and the "httpd.conf" file: 
 
# apachectl -V | egrep -i 'httpd_root|server_config_file' 
-D HTTPD_ROOT="/etc/httpd" 
-D SERVER_CONFIG_FILE="conf/httpd.conf" 
 
Add or configure the following line: 
 
"Header always edit Set-Cookie ^(.*)$ $1;HttpOnly;secure" 
 
Add the "secure" attribute to the JavaScript set cookie in any application code: 
 
function setCookie() { document.cookie = "ALEPH_SESSION_ID = $SESS; path = /; secure"; }  

HttpOnly cannot be used since by definition this is a cookie set by JavaScript. 
 
Restart www_server and Apache.</fixtext><fix id="F-15499r881492_fix" /><check system="C-15501r881491_chk"><check-content-ref href="Apache_Server_2.4_UNIX_Site_STIG.xml" name="M" /><check-content>Determine the location of the "HTTPD_ROOT" directory and the "httpd.conf" file: 
 
# apachectl -V | egrep -i 'httpd_root|server_config_file'
-D HTTPD_ROOT="/etc/httpd"
-D SERVER_CONFIG_FILE="conf/httpd.conf"

Note: The apachectl front end is the preferred method for locating the Apache httpd file. For some Linux distributions "apache2ctl -V" or  "httpd -V" can also be used. 

Search for the "Header" directive:

# cat /&lt;path_to_file&gt;/httpd.conf | grep -i "Header"
 
If "HttpOnly" "secure" is not configured, this is a finding. 
 
"Header always edit Set-Cookie ^(.*)$ $1;HttpOnly;secure" 
 
Review the code. If, when creating cookies, the following is not occurring, this is a finding: 
 
function setCookie() { document.cookie = "ALEPH_SESSION_ID = $SESS; path = /; secure"; }</check-content></check></Rule></Group><Group id="V-214289"><title>SRG-APP-000225-WSR-000074</title><description>&lt;GroupDescription&gt;&lt;/GroupDescription&gt;</description><Rule id="SV-214289r961122_rule" weight="10.0" severity="medium"><version>AS24-U2-000540</version><title>The Apache web server must augment re-creation to a stable and known baseline.</title><description>&lt;VulnDiscussion&gt;Making certain that the web server has not been updated by an unauthorized user is always a concern. Adding patches, functions, and modules that are untested and not part of the baseline opens the possibility for security risks. The web server must offer, and not hinder, a method that allows for the quick and easy reinstallation of a verified and patched baseline to guarantee the production web server is up-to-date and has not been modified to add functionality or expose security risks. 
 
When the web server does not offer a method to roll back to a clean baseline, external methods, such as a baseline snapshot or virtualizing the web server, can be used.&lt;/VulnDiscussion&gt;&lt;FalsePositives&gt;&lt;/FalsePositives&gt;&lt;FalseNegatives&gt;&lt;/FalseNegatives&gt;&lt;Documentable&gt;false&lt;/Documentable&gt;&lt;Mitigations&gt;&lt;/Mitigations&gt;&lt;SeverityOverrideGuidance&gt;&lt;/SeverityOverrideGuidance&gt;&lt;PotentialImpacts&gt;&lt;/PotentialImpacts&gt;&lt;ThirdPartyTools&gt;&lt;/ThirdPartyTools&gt;&lt;MitigationControl&gt;&lt;/MitigationControl&gt;&lt;Responsibility&gt;&lt;/Responsibility&gt;&lt;IAControls&gt;&lt;/IAControls&gt;</description><reference><dc:title>DPMS Target Apache Server 2.4 UNIX Site</dc:title><dc:publisher>DISA</dc:publisher><dc:type>DPMS Target</dc:type><dc:subject>Apache Server 2.4 UNIX Site</dc:subject><dc:identifier>3997</dc:identifier></reference><ident system="http://cyber.mil/legacy">SV-102885</ident><ident system="http://cyber.mil/legacy">V-92797</ident><ident system="http://cyber.mil/cci">CCI-001190</ident><fixtext fixref="F-15500r277209_fix">Prepare documentation for disaster recovery methods for the Apache web server in the event of the necessity for rollback. 
 
Document and test the disaster recovery methods designed.</fixtext><fix id="F-15500r277209_fix" /><check system="C-15502r277208_chk"><check-content-ref href="Apache_Server_2.4_UNIX_Site_STIG.xml" name="M" /><check-content>Interview the System Administrator for the Apache web server. 
 
Ask for documentation on the disaster recovery methods tested and planned for the Apache web server in the event of the necessity for rollback. 
 
If documentation for a disaster recovery has not been established, this is a finding.</check-content></check></Rule></Group><Group id="V-214290"><title>SRG-APP-000233-WSR-000146</title><description>&lt;GroupDescription&gt;&lt;/GroupDescription&gt;</description><Rule id="SV-214290r961131_rule" weight="10.0" severity="medium"><version>AS24-U2-000580</version><title>The Apache web server document directory must be in a separate partition from the Apache web servers system files.</title><description>&lt;VulnDiscussion&gt;A web server is used to deliver content on the request of a client. The content delivered to a client must be controlled, allowing only hosted application files to be accessed and delivered. To allow a client access to system files of any type is a major security risk that is entirely avoidable. Obtaining such access is the goal of directory traversal and URL manipulation vulnerabilities. To facilitate such access by misconfiguring the web document (home) directory is a serious error. In addition, having the path on the same drive as the system folder compounds potential attacks such as drive space exhaustion.&lt;/VulnDiscussion&gt;&lt;FalsePositives&gt;&lt;/FalsePositives&gt;&lt;FalseNegatives&gt;&lt;/FalseNegatives&gt;&lt;Documentable&gt;false&lt;/Documentable&gt;&lt;Mitigations&gt;&lt;/Mitigations&gt;&lt;SeverityOverrideGuidance&gt;&lt;/SeverityOverrideGuidance&gt;&lt;PotentialImpacts&gt;&lt;/PotentialImpacts&gt;&lt;ThirdPartyTools&gt;&lt;/ThirdPartyTools&gt;&lt;MitigationControl&gt;&lt;/MitigationControl&gt;&lt;Responsibility&gt;&lt;/Responsibility&gt;&lt;IAControls&gt;&lt;/IAControls&gt;</description><reference><dc:title>DPMS Target Apache Server 2.4 UNIX Site</dc:title><dc:publisher>DISA</dc:publisher><dc:type>DPMS Target</dc:type><dc:subject>Apache Server 2.4 UNIX Site</dc:subject><dc:identifier>3997</dc:identifier></reference><ident system="http://cyber.mil/legacy">SV-102887</ident><ident system="http://cyber.mil/legacy">V-92799</ident><ident system="http://cyber.mil/cci">CCI-001084</ident><fixtext fixref="F-15501r277212_fix">Move the web document (normally "htdocs") directory to a separate partition other than the operating system root partition and the web server’s system files.</fixtext><fix id="F-15501r277212_fix" /><check system="C-15503r277211_chk"><check-content-ref href="Apache_Server_2.4_UNIX_Site_STIG.xml" name="M" /><check-content>Run the following command: 
 
grep "DocumentRoot"&lt;'INSTALL PATH'&gt;/conf/httpd.conf 
 
Note each location following the "DocumentRoot" string. This is the configured path to the document root directory(s). 
 
Use the command df -k to view each document root's partition setup. 
 
Compare that against the results for the operating system file systems and against the partition for the web server system files, which is the result of the command: 
 
df -k &lt;'INSTALL PATH'&gt;/bin 
 
If the document root path is on the same partition as the web server system files or the operating system file systems, this is a finding.</check-content></check></Rule></Group><Group id="V-214291"><title>SRG-APP-000246-WSR-000149</title><description>&lt;GroupDescription&gt;&lt;/GroupDescription&gt;</description><Rule id="SV-214291r961152_rule" weight="10.0" severity="medium"><version>AS24-U2-000590</version><title>The Apache web server must be tuned to handle the operational requirements of the hosted application.</title><description>&lt;VulnDiscussion&gt;A denial of service (DoS) can occur when the Apache web server is so overwhelmed that it can no longer respond to additional requests. A web server not properly tuned may become overwhelmed and cause a DoS condition even with expected traffic from users. To avoid a DoS, the Apache web server must be tuned to handle the expected traffic for the hosted applications.

Satisfies: SRG-APP-000246-WSR-000149, SRG-APP-000435-WSR-000148&lt;/VulnDiscussion&gt;&lt;FalsePositives&gt;&lt;/FalsePositives&gt;&lt;FalseNegatives&gt;&lt;/FalseNegatives&gt;&lt;Documentable&gt;false&lt;/Documentable&gt;&lt;Mitigations&gt;&lt;/Mitigations&gt;&lt;SeverityOverrideGuidance&gt;&lt;/SeverityOverrideGuidance&gt;&lt;PotentialImpacts&gt;&lt;/PotentialImpacts&gt;&lt;ThirdPartyTools&gt;&lt;/ThirdPartyTools&gt;&lt;MitigationControl&gt;&lt;/MitigationControl&gt;&lt;Responsibility&gt;&lt;/Responsibility&gt;&lt;IAControls&gt;&lt;/IAControls&gt;</description><reference><dc:title>DPMS Target Apache Server 2.4 UNIX Site</dc:title><dc:publisher>DISA</dc:publisher><dc:type>DPMS Target</dc:type><dc:subject>Apache Server 2.4 UNIX Site</dc:subject><dc:identifier>3997</dc:identifier></reference><ident system="http://cyber.mil/legacy">SV-102889</ident><ident system="http://cyber.mil/legacy">V-92801</ident><ident system="http://cyber.mil/cci">CCI-001094</ident><ident system="http://cyber.mil/cci">CCI-002415</ident><fixtext fixref="F-15502r881495_fix">Determine the location of the "HTTPD_ROOT" directory and the "httpd.conf" file: 
 
# apachectl -V | egrep -i 'httpd_root|server_config_file' 
-D HTTPD_ROOT="/etc/httpd" 
-D SERVER_CONFIG_FILE="conf/httpd.conf" 
 
Add or modify the "Timeout" directive in the Apache configuration to have a value of "10" seconds or less. 
 
"Timeout 10"</fixtext><fix id="F-15502r881495_fix" /><check system="C-15504r881494_chk"><check-content-ref href="Apache_Server_2.4_UNIX_Site_STIG.xml" name="M" /><check-content>Determine the location of the "HTTPD_ROOT" directory and the "httpd.conf" file:

# apachectl -V | egrep -i 'httpd_root|server_config_file'
-D HTTPD_ROOT="/etc/httpd"
-D SERVER_CONFIG_FILE="conf/httpd.conf"

Note: The apachectl front end is the preferred method for locating the Apache httpd file. For some Linux distributions "apache2ctl -V" or  "httpd -V" can also be used. 

Verify that the "Timeout" directive is specified to have a value of "10" seconds or less.

# cat /&lt;path_to_file&gt;/httpd.conf | grep -i "Timeout"

If the "Timeout" directive is not configured or is set for more than "10" seconds, this is a finding.</check-content></check></Rule></Group><Group id="V-214292"><title>SRG-APP-000266-WSR-000142</title><description>&lt;GroupDescription&gt;&lt;/GroupDescription&gt;</description><Rule id="SV-214292r961167_rule" weight="10.0" severity="medium"><version>AS24-U2-000620</version><title>The Apache web server must display a default hosted application web page, not a directory listing, when a requested web page cannot be found.</title><description>&lt;VulnDiscussion&gt;The goal is to completely control the web user's experience in navigating any portion of the web document root directories. Ensuring all web content directories have at least the equivalent of an index.html file is a significant factor to accomplish this end. 
 
Enumeration techniques, such as URL parameter manipulation, rely upon being able to obtain information about the Apache web server's directory structure by locating directories without default pages. In the scenario, the Apache web server will display to the user a listing of the files in the directory being accessed. By having a default hosted application web page, the anonymous web user will not obtain directory browsing information or an error message that reveals the server type and version.&lt;/VulnDiscussion&gt;&lt;FalsePositives&gt;&lt;/FalsePositives&gt;&lt;FalseNegatives&gt;&lt;/FalseNegatives&gt;&lt;Documentable&gt;false&lt;/Documentable&gt;&lt;Mitigations&gt;&lt;/Mitigations&gt;&lt;SeverityOverrideGuidance&gt;&lt;/SeverityOverrideGuidance&gt;&lt;PotentialImpacts&gt;&lt;/PotentialImpacts&gt;&lt;ThirdPartyTools&gt;&lt;/ThirdPartyTools&gt;&lt;MitigationControl&gt;&lt;/MitigationControl&gt;&lt;Responsibility&gt;&lt;/Responsibility&gt;&lt;IAControls&gt;&lt;/IAControls&gt;</description><reference><dc:title>DPMS Target Apache Server 2.4 UNIX Site</dc:title><dc:publisher>DISA</dc:publisher><dc:type>DPMS Target</dc:type><dc:subject>Apache Server 2.4 UNIX Site</dc:subject><dc:identifier>3997</dc:identifier></reference><ident system="http://cyber.mil/legacy">SV-102891</ident><ident system="http://cyber.mil/legacy">V-92803</ident><ident system="http://cyber.mil/cci">CCI-001312</ident><fixtext fixref="F-15503r881497_fix">Determine the location of the "HTTPD_ROOT" directory and the "httpd.conf" file: 
 
# apachectl -V | egrep -i 'httpd_root|server_config_file' 
-D HTTPD_ROOT="/etc/httpd" 
-D SERVER_CONFIG_FILE="conf/httpd.conf" 
 
Add a default document to the applicable directories.</fixtext><fix id="F-15503r881497_fix" /><check system="C-15505r277217_chk"><check-content-ref href="Apache_Server_2.4_UNIX_Site_STIG.xml" name="M" /><check-content>View the "DocumentRoot" value by entering the following command: 
 
awk '{print $1,$2,$3}' &lt;'INSTALL PATH'&gt;/conf/httpd.conf|grep -i DocumentRoot|grep -v '^#' 
 
Note each location following the "DocumentRoot" string. This is the configured path(s) to the document root directory(s). 
 
To view a list of the directories and subdirectories and the file "index.html", from each stated "DocumentRoot" location enter the following commands: 
 
find . -type d 
find . -type f -name index.html 
 
Review the results for each document root directory and its subdirectories. 
 
If a directory does not contain an "index.html" or equivalent default document, this is a finding.</check-content></check></Rule></Group><Group id="V-214293"><title>SRG-APP-000266-WSR-000159</title><description>&lt;GroupDescription&gt;&lt;/GroupDescription&gt;</description><Rule id="SV-214293r961167_rule" weight="10.0" severity="medium"><version>AS24-U2-000630</version><title>Warning and error messages displayed to clients must be modified to minimize the identity of the Apache web server, patches, loaded modules, and directory paths.</title><description>&lt;VulnDiscussion&gt;Information needed by an attacker to begin looking for possible vulnerabilities in an Apache web server includes any information about the Apache web server, backend systems being accessed, and plug-ins or modules being used. 
 
Apache web servers will often display error messages to client users, displaying enough information to aid in the debugging of the error. The information given back in error messages may display the Apache web server type, version, patches installed, plug-ins and modules installed, type of code being used by the hosted application, and any backends being used for data storage. 
 
This information could be used by an attacker to blueprint what type of attacks might be successful. The information given to users must be minimized to not aid in the blueprinting of the Apache web server.&lt;/VulnDiscussion&gt;&lt;FalsePositives&gt;&lt;/FalsePositives&gt;&lt;FalseNegatives&gt;&lt;/FalseNegatives&gt;&lt;Documentable&gt;false&lt;/Documentable&gt;&lt;Mitigations&gt;&lt;/Mitigations&gt;&lt;SeverityOverrideGuidance&gt;&lt;/SeverityOverrideGuidance&gt;&lt;PotentialImpacts&gt;&lt;/PotentialImpacts&gt;&lt;ThirdPartyTools&gt;&lt;/ThirdPartyTools&gt;&lt;MitigationControl&gt;&lt;/MitigationControl&gt;&lt;Responsibility&gt;&lt;/Responsibility&gt;&lt;IAControls&gt;&lt;/IAControls&gt;</description><reference><dc:title>DPMS Target Apache Server 2.4 UNIX Site</dc:title><dc:publisher>DISA</dc:publisher><dc:type>DPMS Target</dc:type><dc:subject>Apache Server 2.4 UNIX Site</dc:subject><dc:identifier>3997</dc:identifier></reference><ident system="http://cyber.mil/legacy">SV-102893</ident><ident system="http://cyber.mil/legacy">V-92805</ident><ident system="http://cyber.mil/cci">CCI-001312</ident><fixtext fixref="F-15504r881500_fix">Determine the location of the "HTTPD_ROOT" directory and the "httpd.conf" file: 
 
# apachectl -V | egrep -i 'httpd_root|server_config_file' 
-D HTTPD_ROOT="/etc/httpd" 
-D SERVER_CONFIG_FILE="conf/httpd.conf" 
 
Use the "ErrorDocument" directive to enable custom error pages. 
 
ErrorDocument 500 "Sorry, our script crashed. Oh dear" 
ErrorDocument 500 /cgi-bin/crash-recover 
ErrorDocument 500 http://error.example.com/server_error.html 
ErrorDocument 404 /errors/not_found.html 
ErrorDocument 401 /subscription/how_to_subscribe.html 
 
The syntax of the ErrorDocument directive is: 
 
ErrorDocument &lt;3-digit-code&gt; &lt;action&gt; 
 
Additional Information: 

https://httpd.apache.org/docs/2.4/custom-error.html</fixtext><fix id="F-15504r881500_fix" /><check system="C-15506r881499_chk"><check-content-ref href="Apache_Server_2.4_UNIX_Site_STIG.xml" name="M" /><check-content>In a command line, run "httpd -M | grep -i ssl_module". 
 
If the "ssl_module" is not enabled, this is a finding. 
 
Determine the location of the "HTTPD_ROOT" directory and the "httpd.conf" file: 
 
# apachectl -V | egrep -i 'httpd_root|server_config_file'
-D HTTPD_ROOT="/etc/httpd"
-D SERVER_CONFIG_FILE="conf/httpd.conf"

Note: The apachectl front end is the preferred method for locating the Apache httpd file. For some Linux distributions "apache2ctl -V" or  "httpd -V" can also be used. 
 
If the "ErrorDocument" directive is not being used, this is a finding.</check-content></check></Rule></Group><Group id="V-214294"><title>SRG-APP-000266-WSR-000160</title><description>&lt;GroupDescription&gt;&lt;/GroupDescription&gt;</description><Rule id="SV-214294r961167_rule" weight="10.0" severity="medium"><version>AS24-U2-000640</version><title>Debugging and trace information used to diagnose the Apache web server must be disabled.</title><description>&lt;VulnDiscussion&gt;Information needed by an attacker to begin looking for possible vulnerabilities in a web server includes any information about the Apache web server and plug-ins or modules being used. When debugging or trace information is enabled in a production web server, information about the web server, such as web server type, version, patches installed, plug-ins and modules installed, type of code being used by the hosted application, and any backends being used for data storage, may be displayed. Since this information may be placed in logs and general messages during normal operation of the Apache web server, an attacker does not need to cause an error condition to gain access to this information.&lt;/VulnDiscussion&gt;&lt;FalsePositives&gt;&lt;/FalsePositives&gt;&lt;FalseNegatives&gt;&lt;/FalseNegatives&gt;&lt;Documentable&gt;false&lt;/Documentable&gt;&lt;Mitigations&gt;&lt;/Mitigations&gt;&lt;SeverityOverrideGuidance&gt;&lt;/SeverityOverrideGuidance&gt;&lt;PotentialImpacts&gt;&lt;/PotentialImpacts&gt;&lt;ThirdPartyTools&gt;&lt;/ThirdPartyTools&gt;&lt;MitigationControl&gt;&lt;/MitigationControl&gt;&lt;Responsibility&gt;&lt;/Responsibility&gt;&lt;IAControls&gt;&lt;/IAControls&gt;</description><reference><dc:title>DPMS Target Apache Server 2.4 UNIX Site</dc:title><dc:publisher>DISA</dc:publisher><dc:type>DPMS Target</dc:type><dc:subject>Apache Server 2.4 UNIX Site</dc:subject><dc:identifier>3997</dc:identifier></reference><ident system="http://cyber.mil/legacy">SV-102895</ident><ident system="http://cyber.mil/legacy">V-92807</ident><ident system="http://cyber.mil/cci">CCI-001312</ident><fixtext fixref="F-15505r881503_fix">Determine the location of the "HTTPD_ROOT" directory and the "httpd.conf" file: 
 
# apachectl -V | egrep -i 'httpd_root|server_config_file' 
-D HTTPD_ROOT="/etc/httpd" 
-D SERVER_CONFIG_FILE="conf/httpd.conf" 
 
Add or set the value of "TraceEnable" to "Off".</fixtext><fix id="F-15505r881503_fix" /><check system="C-15507r881502_chk"><check-content-ref href="Apache_Server_2.4_UNIX_Site_STIG.xml" name="M" /><check-content>Determine the location of the "HTTPD_ROOT" directory and the "httpd.conf" file: 
 
# apachectl -V | egrep -i 'httpd_root|server_config_file'
-D HTTPD_ROOT="/etc/httpd"
-D SERVER_CONFIG_FILE="conf/httpd.conf"

Note: The apachectl front end is the preferred method for locating the Apache httpd file. For some Linux distributions "apache2ctl -V" or  "httpd -V" can also be used. 
 
For any enabled "TraceEnable" directives, verify they are part of the server-level configuration (i.e., not nested in a "Directory" or "Location" directive). 
 
Also verify that the "TraceEnable" directive is set to "Off". 
 
If the "TraceEnable" directive is not part of the server-level configuration and/or is not set to "Off", this is a finding. 
 
If the directive does not exist in the "conf" file, this is a finding because the default value is "On".</check-content></check></Rule></Group><Group id="V-214295"><title>SRG-APP-000295-WSR-000012</title><description>&lt;GroupDescription&gt;&lt;/GroupDescription&gt;</description><Rule id="SV-214295r1043182_rule" weight="10.0" severity="medium"><version>AS24-U2-000650</version><title>The Apache web server must set an absolute timeout for sessions.</title><description>&lt;VulnDiscussion&gt;Leaving sessions open indefinitely is a major security risk. An attacker can easily use an already authenticated session to access the hosted application as the previously authenticated user. By closing sessions after an absolute period of time, the user is forced to reauthenticate, guaranteeing the session is still in use. Enabling an absolute timeout for sessions closes sessions that are still active. Examples would be a runaway process accessing the Apache web server or an attacker using a hijacked session to slowly probe the Apache web server.&lt;/VulnDiscussion&gt;&lt;FalsePositives&gt;&lt;/FalsePositives&gt;&lt;FalseNegatives&gt;&lt;/FalseNegatives&gt;&lt;Documentable&gt;false&lt;/Documentable&gt;&lt;Mitigations&gt;&lt;/Mitigations&gt;&lt;SeverityOverrideGuidance&gt;&lt;/SeverityOverrideGuidance&gt;&lt;PotentialImpacts&gt;&lt;/PotentialImpacts&gt;&lt;ThirdPartyTools&gt;&lt;/ThirdPartyTools&gt;&lt;MitigationControl&gt;&lt;/MitigationControl&gt;&lt;Responsibility&gt;&lt;/Responsibility&gt;&lt;IAControls&gt;&lt;/IAControls&gt;</description><reference><dc:title>DPMS Target Apache Server 2.4 UNIX Site</dc:title><dc:publisher>DISA</dc:publisher><dc:type>DPMS Target</dc:type><dc:subject>Apache Server 2.4 UNIX Site</dc:subject><dc:identifier>3997</dc:identifier></reference><ident system="http://cyber.mil/legacy">SV-102897</ident><ident system="http://cyber.mil/legacy">V-92809</ident><ident system="http://cyber.mil/cci">CCI-002391</ident><fixtext fixref="F-15506r881506_fix">Determine the location of the "HTTPD_ROOT" directory and the "httpd.conf" file: 
 
# apachectl -V | egrep -i 'httpd_root|server_config_file' 
-D HTTPD_ROOT="/etc/httpd" 
-D SERVER_CONFIG_FILE="conf/httpd.conf" 
 
Add or set the "SessionMaxAge" directive to "600".</fixtext><fix id="F-15506r881506_fix" /><check system="C-15508r881505_chk"><check-content-ref href="Apache_Server_2.4_UNIX_Site_STIG.xml" name="M" /><check-content>Determine the location of the "HTTPD_ROOT" directory and the "httpd.conf" file: 
 
# apachectl -V | egrep -i 'httpd_root|server_config_file'
-D HTTPD_ROOT="/etc/httpd"
-D SERVER_CONFIG_FILE="conf/httpd.conf"

Note: The apachectl front end is the preferred method for locating the Apache httpd file. For some Linux distributions "apache2ctl -V" or  "httpd -V" can also be used. 
 
Verify the "SessionMaxAge" directive exists and is set to "600". 
 
If the "SessionMaxAge" directive does not exist or is commented out, this is a finding. 
 
If the "SessionMaxAge" directive exists but is not set to "600", this is a finding.</check-content></check></Rule></Group><Group id="V-214296"><title>SRG-APP-000295-WSR-000134</title><description>&lt;GroupDescription&gt;&lt;/GroupDescription&gt;</description><Rule id="SV-214296r1043182_rule" weight="10.0" severity="medium"><version>AS24-U2-000660</version><title>The Apache web server must set an inactive timeout for sessions.</title><description>&lt;VulnDiscussion&gt;Leaving sessions open indefinitely is a major security risk. An attacker can easily use an already authenticated session to access the hosted application as the previously authenticated user. By closing sessions after a set period of inactivity, the Apache web server can make certain that those sessions that are not closed through the user logging out of an application are eventually closed. 
 
Acceptable values are 5 minutes for high-value applications, 10 minutes for medium-value applications, and 20 minutes for low-value applications.&lt;/VulnDiscussion&gt;&lt;FalsePositives&gt;&lt;/FalsePositives&gt;&lt;FalseNegatives&gt;&lt;/FalseNegatives&gt;&lt;Documentable&gt;false&lt;/Documentable&gt;&lt;Mitigations&gt;&lt;/Mitigations&gt;&lt;SeverityOverrideGuidance&gt;&lt;/SeverityOverrideGuidance&gt;&lt;PotentialImpacts&gt;&lt;/PotentialImpacts&gt;&lt;ThirdPartyTools&gt;&lt;/ThirdPartyTools&gt;&lt;MitigationControl&gt;&lt;/MitigationControl&gt;&lt;Responsibility&gt;&lt;/Responsibility&gt;&lt;IAControls&gt;&lt;/IAControls&gt;</description><reference><dc:title>DPMS Target Apache Server 2.4 UNIX Site</dc:title><dc:publisher>DISA</dc:publisher><dc:type>DPMS Target</dc:type><dc:subject>Apache Server 2.4 UNIX Site</dc:subject><dc:identifier>3997</dc:identifier></reference><ident system="http://cyber.mil/legacy">SV-102899</ident><ident system="http://cyber.mil/legacy">V-92811</ident><ident system="http://cyber.mil/cci">CCI-002391</ident><fixtext fixref="F-15507r881508_fix">Determine the location of the "HTTPD_ROOT" directory and the "httpd.conf" file: 
 
# apachectl -V | egrep -i 'httpd_root|server_config_file' 
-D HTTPD_ROOT="/etc/httpd" 
-D SERVER_CONFIG_FILE="conf/httpd.conf" 
 
Load the "Reqtimeout_module". 
 
Set the "RequestReadTimeout" directive.</fixtext><fix id="F-15507r881508_fix" /><check system="C-15509r277229_chk"><check-content-ref href="Apache_Server_2.4_UNIX_Site_STIG.xml" name="M" /><check-content>In a command line, run "httpd -M | grep -i Reqtimeout_module". 
 
If the "Reqtimeout_module" is not enabled, this is a finding.</check-content></check></Rule></Group><Group id="V-214297"><title>SRG-APP-000315-WSR-000004</title><description>&lt;GroupDescription&gt;&lt;/GroupDescription&gt;</description><Rule id="SV-214297r961278_rule" weight="10.0" severity="medium"><version>AS24-U2-000680</version><title>The Apache web server must restrict inbound connections from nonsecure zones.</title><description>&lt;VulnDiscussion&gt;Remote access to the Apache web server is any access that communicates through an external, non-organization-controlled network. Remote access can be used to access hosted applications or to perform management functions. 
 
A web server can be accessed remotely and must be capable of restricting access from what the DoD defines as nonsecure zones. Nonsecure zones are defined as any IP, subnet, or region that is defined as a threat to the organization. The nonsecure zones must be defined for public web servers logically located in a DMZ, as well as private web servers with perimeter protection devices. By restricting access from nonsecure zones, through the internal web server access list, the Apache web server can stop or slow denial-of-service (DoS) attacks on the web server.&lt;/VulnDiscussion&gt;&lt;FalsePositives&gt;&lt;/FalsePositives&gt;&lt;FalseNegatives&gt;&lt;/FalseNegatives&gt;&lt;Documentable&gt;false&lt;/Documentable&gt;&lt;Mitigations&gt;&lt;/Mitigations&gt;&lt;SeverityOverrideGuidance&gt;&lt;/SeverityOverrideGuidance&gt;&lt;PotentialImpacts&gt;&lt;/PotentialImpacts&gt;&lt;ThirdPartyTools&gt;&lt;/ThirdPartyTools&gt;&lt;MitigationControl&gt;&lt;/MitigationControl&gt;&lt;Responsibility&gt;&lt;/Responsibility&gt;&lt;IAControls&gt;&lt;/IAControls&gt;</description><reference><dc:title>DPMS Target Apache Server 2.4 UNIX Site</dc:title><dc:publisher>DISA</dc:publisher><dc:type>DPMS Target</dc:type><dc:subject>Apache Server 2.4 UNIX Site</dc:subject><dc:identifier>3997</dc:identifier></reference><ident system="http://cyber.mil/legacy">SV-102903</ident><ident system="http://cyber.mil/legacy">V-92815</ident><ident system="http://cyber.mil/cci">CCI-002344</ident><fixtext fixref="F-15508r277233_fix">Configure the "http.conf" file to include restrictions.

Example:

&lt;RequireAll&gt;
Require not ip 192.168.205
Require not host phishers.example.com
&lt;/RequireAll&gt;</fixtext><fix id="F-15508r277233_fix" /><check system="C-15510r881510_chk"><check-content-ref href="Apache_Server_2.4_UNIX_Site_STIG.xml" name="M" /><check-content>If external controls such as host-based firewalls are used to restrict this access, this check is Not Applicable.

Determine the location of the "HTTPD_ROOT" directory and the "httpd.conf" file:

# apachectl -V | egrep -i 'httpd_root|server_config_file'
-D HTTPD_ROOT="/etc/httpd"
-D SERVER_CONFIG_FILE="conf/httpd.conf"

Note: The apachectl front end is the preferred method for locating the Apache httpd file. For some Linux distributions "apache2ctl -V" or  "httpd -V" can also be used. 

Search for the "RequireAll" directive:

# cat /&lt;path_to_file&gt;/httpd.conf | grep -i "RequireAll"

If "RequireAll" is not configured or IP ranges configured to allow are not restrictive enough to prevent connections from nonsecure zones, this is a finding.</check-content></check></Rule></Group><Group id="V-214298"><title>SRG-APP-000340-WSR-000029</title><description>&lt;GroupDescription&gt;&lt;/GroupDescription&gt;</description><Rule id="SV-214298r961353_rule" weight="10.0" severity="medium"><version>AS24-U2-000700</version><title>Non-privileged accounts on the hosting system must only access Apache web server security-relevant information and functions through a distinct administrative account.</title><description>&lt;VulnDiscussion&gt;By separating Apache web server security functions from non-privileged users, roles can be developed that can then be used to administer the Apache web server. Forcing users to change from a non-privileged account to a privileged account when operating on the Apache web server or on security-relevant information forces users to only operate as a Web Server Administrator when necessary. Operating in this manner allows for better logging of changes and better forensic information and limits accidental changes to the Apache web server.&lt;/VulnDiscussion&gt;&lt;FalsePositives&gt;&lt;/FalsePositives&gt;&lt;FalseNegatives&gt;&lt;/FalseNegatives&gt;&lt;Documentable&gt;false&lt;/Documentable&gt;&lt;Mitigations&gt;&lt;/Mitigations&gt;&lt;SeverityOverrideGuidance&gt;&lt;/SeverityOverrideGuidance&gt;&lt;PotentialImpacts&gt;&lt;/PotentialImpacts&gt;&lt;ThirdPartyTools&gt;&lt;/ThirdPartyTools&gt;&lt;MitigationControl&gt;&lt;/MitigationControl&gt;&lt;Responsibility&gt;&lt;/Responsibility&gt;&lt;IAControls&gt;&lt;/IAControls&gt;</description><reference><dc:title>DPMS Target Apache Server 2.4 UNIX Site</dc:title><dc:publisher>DISA</dc:publisher><dc:type>DPMS Target</dc:type><dc:subject>Apache Server 2.4 UNIX Site</dc:subject><dc:identifier>3997</dc:identifier></reference><ident system="http://cyber.mil/legacy">SV-102905</ident><ident system="http://cyber.mil/legacy">V-92817</ident><ident system="http://cyber.mil/cci">CCI-002265</ident><fixtext fixref="F-15509r277236_fix">Restrict access to the web administration tool to only the System Administrator, Web Manager, or the Web Manager designees.</fixtext><fix id="F-15509r277236_fix" /><check system="C-15511r277235_chk"><check-content-ref href="Apache_Server_2.4_UNIX_Site_STIG.xml" name="M" /><check-content>Determine which tool or control file is used to control the configuration of the web server. 
 
If the control of the web server is done via control files, verify who has update access to them. If tools are being used to configure the web server, determine who has access to execute the tools. 
 
If accounts other than the System Administrator, Web Manager, or the Web Manager designees have access to the web administration tool or control files, this is a finding.</check-content></check></Rule></Group><Group id="V-214299"><title>SRG-APP-000380-WSR-000072</title><description>&lt;GroupDescription&gt;&lt;/GroupDescription&gt;</description><Rule id="SV-214299r1051292_rule" weight="10.0" severity="medium"><version>AS24-U2-000780</version><title>The Apache web server application, libraries, and configuration files must only be accessible to privileged users.</title><description>&lt;VulnDiscussion&gt;The Apache web server can be modified through parameter modification, patch installation, upgrades to the Apache web server or modules, and security parameter changes. With each of these changes, there is the potential for an adverse effect such as a denial of service (DoS), Apache web server instability, or hosted application instability. 
 
To limit changes to the Apache web server and limit exposure to any adverse effects from the changes, files such as the Apache web server application files, libraries, and configuration files must have permissions and ownership set properly to only allow privileged users access.&lt;/VulnDiscussion&gt;&lt;FalsePositives&gt;&lt;/FalsePositives&gt;&lt;FalseNegatives&gt;&lt;/FalseNegatives&gt;&lt;Documentable&gt;false&lt;/Documentable&gt;&lt;Mitigations&gt;&lt;/Mitigations&gt;&lt;SeverityOverrideGuidance&gt;&lt;/SeverityOverrideGuidance&gt;&lt;PotentialImpacts&gt;&lt;/PotentialImpacts&gt;&lt;ThirdPartyTools&gt;&lt;/ThirdPartyTools&gt;&lt;MitigationControl&gt;&lt;/MitigationControl&gt;&lt;Responsibility&gt;&lt;/Responsibility&gt;&lt;IAControls&gt;&lt;/IAControls&gt;</description><reference><dc:title>DPMS Target Apache Server 2.4 UNIX Site</dc:title><dc:publisher>DISA</dc:publisher><dc:type>DPMS Target</dc:type><dc:subject>Apache Server 2.4 UNIX Site</dc:subject><dc:identifier>3997</dc:identifier></reference><ident system="http://cyber.mil/legacy">SV-102907</ident><ident system="http://cyber.mil/legacy">V-92819</ident><ident system="http://cyber.mil/cci">CCI-001813</ident><fixtext fixref="F-15510r1051291_fix">Ensure nonadministrators are not allowed access to the directory tree, the shell, or other operating system functions and utilities.</fixtext><fix id="F-15510r1051291_fix" /><check system="C-15512r1051290_chk"><check-content-ref href="Apache_Server_2.4_UNIX_Site_STIG.xml" name="M" /><check-content>Obtain a list of the user accounts for the system, noting the privileges for each account. 
 
Verify with the system administrator (SA) or the information system security officer (ISSO) that all privileged accounts are mission essential and documented. 
 
Verify with the SA or the ISSO that all nonadministrator access to shell scripts and operating system functions are mission essential and documented. 
 
If undocumented privileged accounts are found, this is a finding. 
 
If undocumented access to shell scripts or operating system functions is present, this is a finding.</check-content></check></Rule></Group><Group id="V-214300"><title>SRG-APP-000427-WSR-000186</title><description>&lt;GroupDescription&gt;&lt;/GroupDescription&gt;</description><Rule id="SV-214300r1051295_rule" weight="10.0" severity="medium"><version>AS24-U2-000810</version><title>The Apache web server must only accept client certificates issued by DOD PKI or DoD-approved PKI Certification Authorities (CAs).</title><description>&lt;VulnDiscussion&gt;Non-DOD approved PKIs have not been evaluated to ensure that they have security controls and identity vetting procedures in place that are sufficient for DOD systems to rely on the identity asserted in the certificate. PKIs lacking sufficient security controls and identity vetting procedures risk being compromised and issuing certificates that enable adversaries to impersonate legitimate users.&lt;/VulnDiscussion&gt;&lt;FalsePositives&gt;&lt;/FalsePositives&gt;&lt;FalseNegatives&gt;&lt;/FalseNegatives&gt;&lt;Documentable&gt;false&lt;/Documentable&gt;&lt;Mitigations&gt;&lt;/Mitigations&gt;&lt;SeverityOverrideGuidance&gt;&lt;/SeverityOverrideGuidance&gt;&lt;PotentialImpacts&gt;&lt;/PotentialImpacts&gt;&lt;ThirdPartyTools&gt;&lt;/ThirdPartyTools&gt;&lt;MitigationControl&gt;&lt;/MitigationControl&gt;&lt;Responsibility&gt;&lt;/Responsibility&gt;&lt;IAControls&gt;&lt;/IAControls&gt;</description><reference><dc:title>DPMS Target Apache Server 2.4 UNIX Site</dc:title><dc:publisher>DISA</dc:publisher><dc:type>DPMS Target</dc:type><dc:subject>Apache Server 2.4 UNIX Site</dc:subject><dc:identifier>3997</dc:identifier></reference><ident system="http://cyber.mil/legacy">SV-102909</ident><ident system="http://cyber.mil/legacy">V-92821</ident><ident system="http://cyber.mil/cci">CCI-002470</ident><fixtext fixref="F-15511r1051294_fix">Configure the web server's trust store to trust only DOD-approved PKIs (e.g., DOD PKI, DOD ECA, and DOD-approved external partners).</fixtext><fix id="F-15511r1051294_fix" /><check system="C-15513r1051293_chk"><check-content-ref href="Apache_Server_2.4_UNIX_Site_STIG.xml" name="M" /><check-content>Verify the “ssl module” module is loaded:
# httpd -M | grep -i ssl_module
Output:  ssl_module (shared) 

If the "ssl_module" is not found, this is a finding. 

Determine the location of the ssl.conf file:
# find / -name ssl.conf
Output: /etc/httpd/conf.d/ssl.conf

Search the ssl.conf file for the following:
# cat /etc/httpd/conf.d/ssl.conf | grep -i "SSLCACertificateFile"
Output should be similar to: SSLCACertificateFile /etc/pki/tls/certs/ca-bundle.crt

Review the path of the "SSLCACertificateFile" directive.

Review the contents of &lt;'path of SSLCACertificateFile'&gt;\ca-bundle.crt.

Examine the contents of this file to determine if the trusted CAs are DOD approved.

If the trusted CA that is used to authenticate users to the website does not lead to an approved DOD CA, this is a finding.

NOTE: There are non-DOD roots that must be on the server for it to function. Some applications, such as antivirus programs, require root CAs to function. DOD-approved certificate can include the External Certificate Authorities (ECA) if approved by the AO. The PKE InstallRoot 3.06 System Administrator Guide (SAG), dated 08 Jul 2008, contains a complete list of DOD, ECA, and IECA CAs.</check-content></check></Rule></Group><Group id="V-214301"><title>SRG-APP-000439-WSR-000153</title><description>&lt;GroupDescription&gt;&lt;/GroupDescription&gt;</description><Rule id="SV-214301r961632_rule" weight="10.0" severity="medium"><version>AS24-U2-000870</version><title>The Apache web server cookies, such as session cookies, sent to the client using SSL/TLS must not be compressed.</title><description>&lt;VulnDiscussion&gt;A cookie is used when a web server needs to share data with the client's browser. The data is often used to remember the client when the client returns to the hosted application at a later date. A session cookie is a special type of cookie used to remember the client during the session. The cookie will contain the session identifier (ID) and may contain authentication data to the hosted application. To protect this data from easily being compromised, the cookie can be encrypted. 
 
When a cookie is sent encrypted via SSL/TLS, an attacker must spend a great deal of time and resources to decrypt the cookie. If, along with encryption, the cookie is compressed, the attacker can now use a combination of plaintext injection and inadvertent information leakage through data compression to reduce the time needed to decrypt the cookie. This attack is called Compression Ratio Info-leak Made Easy (CRIME). 
 
Cookies shared between the Apache web server and the client when encrypted should not also be compressed.&lt;/VulnDiscussion&gt;&lt;FalsePositives&gt;&lt;/FalsePositives&gt;&lt;FalseNegatives&gt;&lt;/FalseNegatives&gt;&lt;Documentable&gt;false&lt;/Documentable&gt;&lt;Mitigations&gt;&lt;/Mitigations&gt;&lt;SeverityOverrideGuidance&gt;&lt;/SeverityOverrideGuidance&gt;&lt;PotentialImpacts&gt;&lt;/PotentialImpacts&gt;&lt;ThirdPartyTools&gt;&lt;/ThirdPartyTools&gt;&lt;MitigationControl&gt;&lt;/MitigationControl&gt;&lt;Responsibility&gt;&lt;/Responsibility&gt;&lt;IAControls&gt;&lt;/IAControls&gt;</description><reference><dc:title>DPMS Target Apache Server 2.4 UNIX Site</dc:title><dc:publisher>DISA</dc:publisher><dc:type>DPMS Target</dc:type><dc:subject>Apache Server 2.4 UNIX Site</dc:subject><dc:identifier>3997</dc:identifier></reference><ident system="http://cyber.mil/legacy">SV-102919</ident><ident system="http://cyber.mil/legacy">V-92831</ident><ident system="http://cyber.mil/cci">CCI-002448</ident><fixtext fixref="F-15512r881515_fix">Determine the location of the "HTTPD_ROOT" directory and the "httpd.conf" file: 
 
# apachectl -V | egrep -i 'httpd_root|server_config_file' 
-D HTTPD_ROOT="/etc/httpd" 
-D SERVER_CONFIG_FILE="conf/httpd.conf" 
 
Ensure the "SSLCompression" is added and looks like the following: 
 
SSLCompression off 
 
Restart Apache: apachectl restart</fixtext><fix id="F-15512r881515_fix" /><check system="C-15514r881514_chk"><check-content-ref href="Apache_Server_2.4_UNIX_Site_STIG.xml" name="M" /><check-content>In a command line, run "httpd -M | grep -i ssl_module". 
 
If "ssl_module" is not listed, this is a finding. 
 
Determine the location of the "HTTPD_ROOT" directory and the "httpd.conf" file: 
 
# apachectl -V | egrep -i 'httpd_root|server_config_file'
-D HTTPD_ROOT="/etc/httpd"
-D SERVER_CONFIG_FILE="conf/httpd.conf"

Note: The apachectl front end is the preferred method for locating the Apache httpd file. For some Linux distributions "apache2ctl -V" or  "httpd -V" can also be used. 
 
If the "SSLCompression" directive does not exist or is set to "on", this is a finding.</check-content></check></Rule></Group><Group id="V-214303"><title>SRG-APP-000439-WSR-000155</title><description>&lt;GroupDescription&gt;&lt;/GroupDescription&gt;</description><Rule id="SV-214303r961632_rule" weight="10.0" severity="medium"><version>AS24-U2-000890</version><title>Cookies exchanged between the Apache web server and the client, such as session cookies, must have cookie properties set to force the encryption of cookies.</title><description>&lt;VulnDiscussion&gt;Cookies can be sent to a client using TLS/SSL to encrypt the cookies, but TLS/SSL is not used by every hosted application since the data being displayed does not require the encryption of the transmission. To safeguard against cookies, especially session cookies, being sent in plaintext, a cookie can be encrypted before transmission. To force a cookie to be encrypted before transmission, the cookie "Secure" property can be set.&lt;/VulnDiscussion&gt;&lt;FalsePositives&gt;&lt;/FalsePositives&gt;&lt;FalseNegatives&gt;&lt;/FalseNegatives&gt;&lt;Documentable&gt;false&lt;/Documentable&gt;&lt;Mitigations&gt;&lt;/Mitigations&gt;&lt;SeverityOverrideGuidance&gt;&lt;/SeverityOverrideGuidance&gt;&lt;PotentialImpacts&gt;&lt;/PotentialImpacts&gt;&lt;ThirdPartyTools&gt;&lt;/ThirdPartyTools&gt;&lt;MitigationControl&gt;&lt;/MitigationControl&gt;&lt;Responsibility&gt;&lt;/Responsibility&gt;&lt;IAControls&gt;&lt;/IAControls&gt;</description><reference><dc:title>DPMS Target Apache Server 2.4 UNIX Site</dc:title><dc:publisher>DISA</dc:publisher><dc:type>DPMS Target</dc:type><dc:subject>Apache Server 2.4 UNIX Site</dc:subject><dc:identifier>3997</dc:identifier></reference><ident system="http://cyber.mil/legacy">SV-102923</ident><ident system="http://cyber.mil/legacy">V-92835</ident><ident system="http://cyber.mil/cci">CCI-002448</ident><fixtext fixref="F-15514r881520_fix">Determine the location of the "HTTPD_ROOT" directory and the "httpd.conf" file: 
 
# apachectl -V | egrep -i 'httpd_root|server_config_file' 
-D HTTPD_ROOT="/etc/httpd" 
-D SERVER_CONFIG_FILE="conf/httpd.conf" 
 
Set "Session" to "on". 
 
Ensure the "SessionCookieName" directive includes "httpOnly" and "secure".</fixtext><fix id="F-15514r881520_fix" /><check system="C-15516r881519_chk"><check-content-ref href="Apache_Server_2.4_UNIX_Site_STIG.xml" name="M" /><check-content>In a command line, run "httpd -M | grep -i session_cookie_module". 
 
If "session_cookie_module" is not listed, this is a finding. 
 
Determine the location of the "HTTPD_ROOT" directory and the "httpd.conf" file:

# apachectl -V | egrep -i 'httpd_root|server_config_file'
-D HTTPD_ROOT="/etc/httpd"
-D SERVER_CONFIG_FILE="conf/httpd.conf"

Note: The apachectl front end is the preferred method for locating the Apache httpd file. For some Linux distributions "apache2ctl -V" or  "httpd -V" can also be used. 

Search for the "Session" and "SessionCookieName" directives:

# cat /&lt;path_to_file&gt;/httpd.conf | grep -i "Session"
# cat /&lt;path_to_file&gt;/httpd.conf | grep -i "SessionCookieName"

If "Session" is not "on" and "SessionCookieName" does not contain "httpOnly" and "secure", this is a finding.</check-content></check></Rule></Group><Group id="V-214304"><title>SRG-APP-000516-WSR-000174</title><description>&lt;GroupDescription&gt;&lt;/GroupDescription&gt;</description><Rule id="SV-214304r961863_rule" weight="10.0" severity="low"><version>AS24-U2-000960</version><title>The Apache web server must be configured in accordance with the security configuration settings based on DoD security configuration or implementation guidance, including STIGs, NSA configuration guides, CTOs, and DTMs.</title><description>&lt;VulnDiscussion&gt;Configuring the Apache web server to implement organization-wide security implementation guides and security checklists guarantees compliance with federal standards and establishes a common security baseline across the DoD that reflects the most restrictive security posture consistent with operational requirements. 
 
Configuration settings are the set of parameters that can be changed that affect the security posture and/or functionality of the system. Security-related parameters are parameters impacting the security state of the Apache web server, including the parameters required to satisfy other security control requirements.&lt;/VulnDiscussion&gt;&lt;FalsePositives&gt;&lt;/FalsePositives&gt;&lt;FalseNegatives&gt;&lt;/FalseNegatives&gt;&lt;Documentable&gt;false&lt;/Documentable&gt;&lt;Mitigations&gt;&lt;/Mitigations&gt;&lt;SeverityOverrideGuidance&gt;&lt;/SeverityOverrideGuidance&gt;&lt;PotentialImpacts&gt;&lt;/PotentialImpacts&gt;&lt;ThirdPartyTools&gt;&lt;/ThirdPartyTools&gt;&lt;MitigationControl&gt;&lt;/MitigationControl&gt;&lt;Responsibility&gt;&lt;/Responsibility&gt;&lt;IAControls&gt;&lt;/IAControls&gt;</description><reference><dc:title>DPMS Target Apache Server 2.4 UNIX Site</dc:title><dc:publisher>DISA</dc:publisher><dc:type>DPMS Target</dc:type><dc:subject>Apache Server 2.4 UNIX Site</dc:subject><dc:identifier>3997</dc:identifier></reference><ident system="http://cyber.mil/legacy">SV-102931</ident><ident system="http://cyber.mil/legacy">V-92843</ident><ident system="http://cyber.mil/cci">CCI-000366</ident><fixtext fixref="F-15515r277254_fix">Ensure the website enforces the use of IANA well-known ports for HTTP and HTTPS.</fixtext><fix id="F-15515r277254_fix" /><check system="C-15517r277253_chk"><check-content-ref href="Apache_Server_2.4_UNIX_Site_STIG.xml" name="M" /><check-content>Review the website to determine if HTTP and HTTPs are used in accordance with well-known ports (e.g., 80 and 443) or those ports and services as registered and approved for use by the DoD PPSM. 
 
Verify that any variation in PPS is documented, registered, and approved by the PPSM. 
 
If well-known ports and services are not approved for used by PPSM, this is a finding.</check-content></check></Rule></Group></Benchmark>